band_id_original,clean_dtype,raw_min,raw_max,mean_valid,std_valid,nonfinite_count_all,zero_count_all,negative_count_all,gt1_count_all,constant_valid,rmse_reference_valid,bias_reference_valid,rmse_fcls_valid,bias_fcls_valid,q0_valid,q0.01_valid,q0.05_valid,q0.25_valid,q0.5_valid,q0.75_valid,q0.95_valid,q0.99_valid,q1_valid
4,float64,0,313,0.014530900000000013,0.008037635796053525,0,28,0,0,False,0.015364553489082855,0.010337067018797101,0.015417245563940363,0.010363558627597755,0.0,0.0006,0.0024,0.009,0.014,0.019,0.0272,0.0402,0.0626
5,float64,0,330,0.010518720000000004,0.00989226453152154,0,182,0,0,False,0.004107073877594396,-0.0002628423524434849,0.004171840503833821,-0.0006180544279641826,0.0,0.0,0.001,0.0044,0.0084,0.0128,0.0316,0.052402000000000046,0.066
6,float64,21,747,0.03465704000000005,0.020025926855913534,0,0,0,0,False,0.0077329003403039335,-0.0007426721201084421,0.007909356576542813,-0.0014572142361984346,0.0042,0.0096,0.0136,0.0224,0.0314,0.0392,0.077,0.11800200000000004,0.1494
7,float64,123,1122,0.06536189999999985,0.028472325377285147,0,0,0,0,False,0.010345755398065372,-0.0007471356745786592,0.010441731030835885,-0.0017299007702634463,0.0246,0.0302,0.035,0.047,0.0614,0.0726,0.12481999999999971,0.1838,0.2244
8,float64,110,1446,0.07762105999999996,0.038391009891332505,0,0,0,0,False,0.013333900106813689,0.0008436620907971788,0.012976690433324865,-0.0008599878862704526,0.022,0.0304,0.0358,0.053,0.0726,0.0884,0.15662999999999955,0.235,0.2892
9,float64,117,1592,0.08597733999999956,0.04273639210935321,0,0,0,0,False,0.01405027362664146,0.0012474768370844098,0.013196953508150389,-0.0008439877734200721,0.0234,0.0328,0.0388,0.0578,0.0816,0.0982,0.17400999999999983,0.26200200000000007,0.3184
10,float64,130,1694,0.09042432000000028,0.045459366829484184,0,0,0,0,False,0.014512477831698345,0.0006663247818173301,0.013434793788093,-0.0015133074292201273,0.026,0.0332,0.0398,0.0598,0.0864,0.1042,0.182,0.27780200000000005,0.3388
11,float64,125,1743,0.09317748000000044,0.04735522329004062,0,0,0,0,False,0.014998049639733032,0.0001461079221880204,0.01376760407027067,-0.0020761619431559986,0.025,0.0326,0.04,0.061,0.09,0.1082,0.1872,0.2858,0.3486
12,float64,121,1752,0.09571739999999954,0.04833714779794109,0,0,0,0,False,0.015333138176888248,0.0018550746324901418,0.013434449194741462,-0.0006495683743518035,0.0242,0.0332,0.0404,0.0622,0.0933,0.1114,0.1914,0.29021000000000025,0.3504
13,float64,124,1799,0.10021269999999988,0.04992555885225507,0,0,0,0,False,0.015568276420116711,0.0020147639752802183,0.013542428315584342,-0.0006716962143646463,0.0248,0.0346,0.0418,0.0648,0.0986,0.11745,0.19720999999999983,0.2992,0.3598
14,float64,143,1844,0.10517365999999968,0.05139808158097335,0,0,0,0,False,0.016176154727516108,0.003059035732050851,0.013555734937345585,0.00019138341866325445,0.0286,0.0368,0.0442,0.0678,0.1044,0.1242,0.20481999999999972,0.3062020000000001,0.3688
15,float64,153,1905,0.1105389200000001,0.052553189562895224,0,0,0,0,False,0.01668178359471077,0.002401545100190743,0.013874680289181021,-0.0004984947997207478,0.0306,0.0404,0.048,0.072,0.11,0.13,0.2116,0.3158,0.381
16,float64,196,1935,0.1190094199999995,0.051866789174418934,0,0,0,0,False,0.017436641075431834,0.0033292200788763147,0.01384268834443586,0.000652686961685505,0.0392,0.049598,0.0586,0.0816,0.1174,0.137,0.22060999999999983,0.323,0.387
17,float64,237,1989,0.12807525999999947,0.050152143124022316,0,0,0,0,False,0.01864199186586198,0.004102295579725417,0.014339974189734614,0.0018839211123960176,0.0474,0.061198,0.0714,0.0936,0.1246,0.1434,0.2286,0.3318,0.3978
18,float64,261,2129,0.13510981999999985,0.04921889262841652,0,0,0,0,False,0.01962673690745608,0.004339844179500162,0.014982919653096591,0.0024739689301061262,0.0522,0.0688,0.0808,0.1024,0.1304,0.149,0.23481999999999972,0.3384,0.4258
19,float64,271,2281,0.14026889999999986,0.049483115916340754,0,0,0,0,False,0.020548755586558592,0.004116411262675699,0.015514864676592756,0.0023528632482950696,0.0542,0.073,0.0862,0.1078,0.1352,0.154,0.24141999999999972,0.34420200000000006,0.4562
20,float64,280,2401,0.14428137999999996,0.05031108646506863,0,0,0,0,False,0.02135865121473957,0.0049936580140764,0.01584774291948582,0.003123501814971108,0.056,0.074998,0.089,0.1112,0.1398,0.1588,0.2476,0.34940200000000005,0.4802
21,float64,260,2520,0.14465285999999963,0.05282955000584802,0,0,0,0,False,0.02170836039074707,0.004842814072690219,0.01578671822667468,0.0025468318178235015,0.052,0.0702,0.0846,0.1076,0.1418,0.1618,0.252,0.3554,0.504
22,float64,224,2625,0.14250134000000006,0.05597258684574446,0,0,0,0,False,0.022080740659933165,0.0052435006842620245,0.015494606913571471,0.0024652070463647728,0.0448,0.0634,0.0766,0.1018,0.1416,0.162,0.2552,0.35900200000000004,0.525
23,float64,212,2669,0.1395565999999995,0.05720892388814886,0,0,0,0,False,0.021859733708585048,0.004577375466902748,0.01500501947139341,0.0016884419838563002,0.0424,0.0586,0.0726,0.099,0.1382,0.1582,0.25681999999999966,0.36020600000000014,0.5338
24,float64,194,2711,0.13462894000000017,0.057790449509208676,0,0,0,0,False,0.02199291839527727,0.0037606384917495527,0.01448449846834749,0.0012472579208479286,0.0388,0.055996000000000004,0.0696,0.098,0.1274,0.1478,0.2584,0.3616,0.5422
25,float64,190,2759,0.13002975999999952,0.05900221991029156,0,0,0,0,False,0.022176629050482496,0.0037113000872090263,0.014004165637260002,0.0014237005220354066,0.038,0.0538,0.0672,0.0968,0.1168,0.1396,0.2594,0.36380200000000007,0.5518
26,float64,173,2806,0.12853470000000058,0.060658148240034605,0,0,0,0,False,0.022231483665382898,0.0034286250868621236,0.014012104630915522,0.0009641313912544954,0.0346,0.0504,0.0634,0.095,0.1144,0.138,0.26120999999999983,0.3658,0.5612
27,float64,162,2851,0.1278070200000003,0.06218628732059505,0,0,0,0,False,0.02244471535783751,0.0030935401790685604,0.014102754086930102,0.0005314961582380298,0.0324,0.048,0.0614,0.0942,0.1122,0.1374,0.2646199999999997,0.3688,0.5702
28,float64,162,2866,0.1270834199999999,0.06317521999252237,0,0,0,0,False,0.022947539868724956,0.004143021457652545,0.013763646880128764,0.0014953890713040937,0.0324,0.047398,0.06,0.0936,0.1102,0.1368,0.266,0.3698,0.5732
29,float64,146,2910,0.12491099999999954,0.06496145662621801,0,0,0,0,False,0.022856437355472596,0.002623425649600571,0.014230980253278935,-3.20855488962841e-05,0.0292,0.04319800000000001,0.05579000000000001,0.0906,0.107,0.1346,0.2678,0.372,0.582
30,float64,137,2941,0.12196441999999949,0.06695613723971536,0,0,0,0,False,0.022976271610893745,0.002354165965450823,0.014389543696726724,-0.00037366024011492805,0.0274,0.04,0.0518,0.086,0.102,0.1322,0.2706,0.3742040000000001,0.5882
31,float64,127,2988,0.11919013999999976,0.06922952013975235,0,0,0,0,False,0.023279690921021917,0.002584058043396767,0.014298627775822376,-0.0002750842159489267,0.0254,0.0366,0.0478,0.0818,0.0974,0.13105,0.2724099999999998,0.37720200000000004,0.5976
32,float64,123,3033,0.11878402000000007,0.07076807339923558,0,0,0,0,False,0.023717428130419667,0.0023782861426533625,0.01440933559357266,-0.00037262998030115636,0.0246,0.03619800000000001,0.0472,0.0794,0.0952,0.13244999999999998,0.277,0.38020200000000004,0.6066
33,float64,126,3080,0.12046093999999943,0.07018104338292809,0,0,0,0,False,0.02382853821552046,0.0018338998238884145,0.01493007151254153,-0.0009233719272021123,0.0252,0.0378,0.0482,0.0824,0.098,0.133,0.2754099999999998,0.3826060000000001,0.616
34,float64,127,3178,0.1209697599999995,0.0727361059003188,0,0,0,0,False,0.024379876564846876,0.0011876054822352144,0.015806509824802153,-0.0016127896008833339,0.0254,0.0362,0.0466,0.0812,0.0972,0.1348,0.2818,0.3902040000000001,0.6356
35,float64,131,3270,0.12363223999999959,0.07509794032183835,0,0,0,0,False,0.025201900548076892,0.0016187227233730205,0.015954440638120796,-0.001197220527403986,0.0262,0.0386,0.0494,0.0808,0.0974,0.14,0.2896,0.3992,0.654
36,float64,189,3343,0.13296636000000034,0.07629931001228246,0,0,0,0,False,0.02641005582799778,0.0024316590000788875,0.016192872457747243,0.0005516160454242215,0.0378,0.055198000000000004,0.0668,0.0812,0.1034,0.15685,0.299,0.4078,0.6686
37,float64,246,3434,0.1551242400000003,0.07987068421155795,0,0,0,0,False,0.028665483508856168,0.003677934072510851,0.017409418384542102,0.004450877285426293,0.0492,0.05679800000000001,0.0634,0.0852,0.1466,0.1938,0.309,0.4086040000000001,0.6868
38,float64,180,3508,0.18197748000000027,0.09482579124294009,0,0,0,0,False,0.03304857748117031,0.005628266788463556,0.02269122947516291,0.009784829661998215,0.036,0.0446,0.051,0.0734,0.2096,0.2432,0.3206,0.4116020000000001,0.7016
39,float64,117,3600,0.21005160000000034,0.11984630921909924,0,0,0,0,False,0.03834518074989841,0.005709090249455592,0.029898516711620055,0.0137739549178039,0.0234,0.0314,0.0376,0.0598,0.266,0.3,0.3528,0.416,0.72
40,float64,70,3618,0.2344285800000007,0.14486477803518594,0,0,0,0,False,0.04403498965101364,0.006370475906705435,0.0378063475058614,0.017836428158771376,0.014,0.0216,0.0276,0.0492,0.305,0.347,0.405,0.44380200000000003,0.7236
41,float64,55,3684,0.2559658800000004,0.1651183044117932,0,0,0,0,False,0.04946907208528284,0.008165160851340444,0.04535228725981153,0.022164646177313774,0.011,0.0176,0.02379000000000001,0.045,0.3302,0.3864,0.4548,0.511202,0.7368
42,float64,46,3750,0.2714151199999999,0.17826118508353328,0,0,0,0,False,0.053615507698378174,0.010833090929591878,0.050996800944132954,0.026133653955323303,0.0092,0.016998000000000003,0.023,0.0442,0.3472,0.4122,0.4916,0.5568100000000001,0.75
43,float64,37,3815,0.28064044000000044,0.18666797108397037,0,0,0,0,False,0.05532201854985802,0.01006447605120195,0.05253791793602583,0.026330743395412488,0.0074,0.0152,0.021,0.0426,0.359,0.428,0.5118199999999997,0.581802,0.763
44,float64,32,3901,0.2885532599999995,0.19316327771958253,0,0,0,0,False,0.057754471270704356,0.012037858347885037,0.05522507033713478,0.02853740229295455,0.0064,0.014,0.0202,0.0422,0.3694,0.4404,0.5300099999999999,0.602202,0.7802
45,float64,46,3935,0.2953680599999995,0.19590469993299425,0,0,0,0,False,0.05881845333058561,0.012855252261984133,0.056364474615172425,0.029482402061061966,0.0092,0.0174,0.0232,0.0454,0.3764,0.4496,0.5406,0.6134,0.787
46,float64,49,3983,0.30008656000000067,0.19874500713066168,0,0,0,0,False,0.05958628343452426,0.01358600479443228,0.057286526141530826,0.0304222615581593,0.0098,0.018,0.024,0.0462,0.3827,0.4566,0.5482,0.6206040000000002,0.7966
47,float64,55,3979,0.3042700800000006,0.2009692787686568,0,0,0,0,False,0.06048399402994323,0.014125953216811078,0.058001838361025376,0.030932305131235648,0.011,0.0188,0.025,0.0472,0.3882,0.4628,0.5546099999999998,0.6270040000000001,0.7958
48,float64,61,3985,0.30685474000000024,0.2022279832454757,0,0,0,0,False,0.061091786072501465,0.015199733515459559,0.05870696170855258,0.03195562175986699,0.0122,0.0196,0.0254,0.048,0.3918,0.4666,0.5572099999999999,0.6296020000000001,0.797
49,float64,50,4017,0.3115053399999997,0.20619707667055814,0,0,0,0,False,0.06123830895386257,0.014376641577061346,0.05840567143042215,0.03150208978768538,0.01,0.0184,0.02439000000000001,0.0472,0.4,0.4742,0.5654,0.6368,0.8034
50,float64,40,4054,0.3153842200000007,0.21017307207868338,0,0,0,0,False,0.06318925263490248,0.015861885375787324,0.06022638851437177,0.03300712936792178,0.008,0.0164,0.0228,0.0454,0.4064,0.4816,0.5730099999999998,0.6466040000000001,0.8108
51,float64,37,4051,0.31841013999999956,0.21401798613476428,0,0,0,0,False,0.06466804223837574,0.01672688098579595,0.061600058592234594,0.0340403640881712,0.0074,0.0148,0.0208,0.04335,0.4106,0.4886,0.5806,0.653602,0.8102
52,float64,41,4076,0.32216892000000014,0.2169850470102363,0,0,0,0,False,0.06423892913094591,0.014930358016644288,0.06065972199573256,0.032672449382770544,0.0082,0.0146,0.0208,0.0432,0.4154,0.495,0.5876099999999999,0.6600080000000003,0.8152
53,float64,33,4092,0.32586876000000053,0.2199669022922828,0,0,0,0,False,0.06542618041239422,0.015827934227013455,0.061763712903060146,0.03362720270765152,0.0066,0.014,0.0202,0.0432,0.4208,0.5014,0.5938099999999998,0.6678080000000002,0.8184
54,float64,35,4102,0.3292113400000004,0.222500142533448,0,0,0,0,False,0.06679607673231257,0.016939906799173027,0.0631351364421362,0.03477001613474275,0.007,0.0142,0.0202,0.043,0.4253,0.507,0.5996,0.673802,0.8204
55,float64,28,4114,0.332848259999999,0.22561779137952004,0,0,0,0,False,0.06713316460464833,0.016050574485244447,0.06289047742139682,0.034031212604522805,0.0056,0.0134,0.0196,0.0424,0.4306,0.5134,0.6066,0.6808040000000001,0.8228
56,float64,28,4136,0.33724860000000006,0.2287379553070277,0,0,0,0,False,0.06786490334582938,0.01655594839007607,0.06359366855569673,0.0347673764822919,0.0056,0.0136,0.0196,0.0428,0.4366,0.5206,0.6144199999999996,0.6884020000000001,0.8272
57,float64,22,4178,0.3424166400000026,0.23302805356246345,0,0,0,0,False,0.06977362673389433,0.01800395983378459,0.06546225846814088,0.03637880439622316,0.0044,0.012398000000000001,0.019,0.042,0.4444,0.5298,0.6232,0.6964100000000002,0.8356
58,float64,13,4205,0.3442206200000012,0.23501301785819226,0,0,0,0,False,0.06929179124546163,0.016646917152112858,0.06426383375063793,0.035153491740533206,0.0026,0.0114,0.0174,0.0408,0.44830000000000003,0.5328,0.6260099999999998,0.6996,0.841
59,float64,24,4181,0.34572704,0.2359767629679638,0,0,0,0,False,0.07063456796728525,0.018213618406599838,0.06552599916282804,0.036481596124880576,0.0048,0.0112,0.0174,0.041,0.4522,0.5354,0.6270099999999998,0.699802,0.8362
60,float64,16,4201,0.34777173999999983,0.2373301858874506,0,0,0,0,False,0.0704017012009769,0.017741782593458894,0.06520434494526377,0.03622329969599931,0.0032,0.011598,0.0176,0.0412,0.4546,0.53905,0.6298099999999999,0.7012080000000002,0.8402
61,float64,1,4183,0.34525836000000115,0.23878261297278475,0,0,0,0,False,0.06994677767397363,0.01645746294304144,0.06344002597437064,0.03480517343421627,0.0002,0.0062,0.012,0.0354,0.4563,0.53725,0.6250099999999998,0.6928,0.8366
62,float64,0,4229,0.3446731199999992,0.24055618802571968,0,5,0,0,False,0.07133311158107915,0.01729188532480596,0.0641462653020811,0.03539092140249358,0.0,0.0024,0.0084,0.0322,0.4582,0.5388,0.624,0.6892040000000001,0.8458
63,float64,0,4237,0.3443691,0.23901413049690104,0,4,0,0,False,0.07103620833942675,0.01829133743022746,0.0638577011870079,0.03612404718871188,0.0,0.0036,0.0098,0.033549999999999996,0.46,0.5376,0.6190199999999997,0.6810020000000001,0.8474
64,float64,1,4273,0.3445007599999998,0.2357433879272598,0,0,0,0,False,0.06998007832944042,0.01734864001889169,0.06172845039583798,0.034594532623383786,0.0002,0.008,0.0138,0.0374,0.4607,0.5356,0.6114099999999999,0.6684040000000001,0.8546
65,float64,15,4290,0.3459513799999995,0.23542731083732804,0,0,0,0,False,0.07026211401714866,0.0181340736298381,0.062324380171797665,0.03535607256278361,0.003,0.009798000000000001,0.0158,0.0394,0.4618,0.5366,0.613,0.6692040000000001,0.858
66,float64,13,4279,0.34557168000000044,0.23500846256672886,0,0,0,0,False,0.07087867031612385,0.01887595847697177,0.06274353761651325,0.03573750043931452,0.0026,0.0102,0.016,0.0396,0.4616,0.5362,0.612,0.6670100000000002,0.8558
67,float64,19,4290,0.3493608399999996,0.23754153013419457,0,0,0,0,False,0.07109676935699223,0.01829682092352976,0.06290614346977992,0.03549874005383606,0.0038,0.0106,0.01679000000000001,0.0402,0.466,0.54245,0.619,0.6754020000000001,0.858
68,float64,15,4325,0.35310931999999845,0.24039669044547463,0,0,0,0,False,0.07226432545259284,0.019418850805015753,0.06446263594232765,0.036839973899522434,0.003,0.0108,0.0168,0.0402,0.4702,0.5488,0.6268,0.6840040000000002,0.865
69,float64,18,4355,0.35766767999999954,0.24377359029110876,0,0,0,0,False,0.0735579616273598,0.020237506692528592,0.06600949678251682,0.037936230751948116,0.0036,0.0108,0.017,0.0404,0.4754,0.5562,0.6358099999999999,0.694,0.871
70,float64,18,4368,0.3615712800000001,0.24682956176106954,0,0,0,0,False,0.07422997890130083,0.02047087655431129,0.06684470108603963,0.038438687328695514,0.0036,0.0112,0.017,0.0402,0.4796,0.5628,0.6442,0.7036020000000001,0.8736
71,float64,18,4377,0.36596305999999945,0.25025142117366006,0,0,0,0,False,0.0760544766012589,0.02163115172563001,0.06893056541092908,0.039824938870597154,0.0036,0.0112,0.0172,0.0404,0.4844,0.5706,0.654,0.7150080000000002,0.8754
72,float64,20,4408,0.3702467199999988,0.25350564809731896,0,0,0,0,False,0.07694933323117746,0.022074916979422505,0.06997313147220872,0.0405035781404316,0.004,0.0112,0.0172,0.0408,0.4888,0.5778,0.6622,0.7234040000000002,0.8816
73,float64,22,4439,0.3743050799999996,0.256540328927429,0,0,0,0,False,0.07920302581560981,0.024600764180229117,0.07292062342479226,0.043157842702573224,0.0044,0.011598,0.0174,0.04115,0.4932,0.58485,0.6702,0.7320100000000002,0.8878
74,float64,20,4447,0.3783870200000019,0.2595352360885115,0,0,0,0,False,0.07988425515145675,0.024463161875286823,0.07334400827270059,0.0431691622060659,0.004,0.0116,0.0176,0.041,0.4982,0.5916,0.6772,0.740402,0.8894
75,float64,25,4488,0.38231315999999926,0.2623573090173285,0,0,0,0,False,0.08099385791271252,0.025298112325428862,0.07468219024993208,0.04424156301203145,0.005,0.0118,0.0178,0.04135,0.5031,0.5978,0.6846,0.7484040000000001,0.8976
76,float64,26,4563,0.3887713199999983,0.26691866494768907,0,0,0,0,False,0.08196958375672642,0.025268767938961004,0.07537960819791627,0.04453577200465898,0.0052,0.012,0.018,0.0416,0.5118,0.6082,0.6964,0.7608060000000002,0.9126
77,float64,28,4547,0.38796551999999984,0.26639272696365046,0,0,0,0,False,0.08243185145506061,0.026438760255386218,0.07613152433539495,0.04557639868520268,0.0056,0.012,0.0178,0.0412,0.5114,0.6074,0.6940099999999998,0.7588040000000001,0.9094
78,float64,24,4568,0.38835073999999964,0.2667142725417093,0,0,0,0,False,0.0815345339517241,0.024953710325701168,0.0744615539603797,0.044015255078903734,0.0048,0.0118,0.0176,0.041,0.513,0.6076,0.6938,0.758202,0.9136
79,float64,16,4551,0.38636235999999885,0.2654603419255516,0,0,0,0,False,0.08207524462166772,0.026241118307513914,0.07500384225579375,0.044998420880796794,0.0032,0.0114,0.017,0.0404,0.5124,0.6046,0.6886,0.7524,0.9102
80,float64,2,4546,0.3814975000000008,0.2639322177411274,0,0,0,0,False,0.08053641629842383,0.025055457474889225,0.07263204436684197,0.043550775600453034,0.0004,0.0076,0.0136,0.03655,0.5104,0.5988,0.6782099999999999,0.7368040000000001,0.9092
81,float64,0,4584,0.3758369600000016,0.2635208129350674,0,7,0,0,False,0.07995538127576395,0.023456453280023132,0.07041131450215789,0.04148843892878191,0.0,0.0018,0.0072,0.0304,0.5084,0.5912,0.6700099999999999,0.7264,0.9168
82,float64,0,4601,0.37250346000000073,0.2590926653458727,0,3,0,0,False,0.0804732961921885,0.025455163042917693,0.07064548413636249,0.04259600064053457,0.0,0.0034,0.0096,0.0324,0.5052,0.5842,0.6584099999999998,0.7108,0.9202
83,float64,0,4654,0.3650002399999997,0.25292647842395366,0,1,0,0,False,0.07758193858823863,0.023408652546756014,0.06640247677879317,0.03976652468830505,0.0,0.004,0.0096,0.033,0.4984,0.5714,0.6376,0.688802,0.9308
84,float64,0,4676,0.35562651999999967,0.2445490207886538,0,1,0,0,False,0.07557042904298539,0.022395953152935504,0.06283057045512737,0.03745678496871704,0.0,0.0054,0.0112,0.0342,0.4862,0.55445,0.617,0.664602,0.9352
85,float64,16,4610,0.3498576799999994,0.2373595773020705,0,0,0,0,False,0.07158319418889034,0.01912246291359195,0.05800332064995656,0.03361531817263491,0.0032,0.009998000000000002,0.0156,0.0382,0.4772,0.5424,0.603,0.6508020000000001,0.922
86,float64,19,4682,0.35133526000000026,0.23792668172513176,0,0,0,0,False,0.07315711903871114,0.021025391564104316,0.05979738167139606,0.03529159525098569,0.0038,0.0106,0.0164,0.039,0.4778,0.5444,0.6062099999999998,0.6540040000000001,0.9364
87,float64,17,4696,0.35077264000000113,0.23765017834504165,0,0,0,0,False,0.07320242108673614,0.020929451800740167,0.059702210932106224,0.0351451764722594,0.0034,0.0104,0.0162,0.0386,0.4769,0.5432,0.6056199999999997,0.6532040000000001,0.9392
88,float64,19,4742,0.3521686199999989,0.2384825151227993,0,0,0,0,False,0.07303701198057468,0.020118773079887346,0.05889911071489427,0.03420634065221277,0.0038,0.0108,0.0166,0.0392,0.4784,0.5456,0.6084,0.6558,0.9484
89,float64,20,4785,0.3548134599999997,0.2404073236796831,0,0,0,0,False,0.07491751784440777,0.021859292899563395,0.06082802223328709,0.03584397979486646,0.004,0.011,0.0168,0.0396,0.481,0.55,0.6134099999999998,0.6618020000000001,0.957
90,float64,22,4804,0.35784182000000164,0.24260209296518348,0,0,0,0,False,0.0751640805003486,0.02189008306596838,0.06114019598735227,0.03604401543001695,0.0044,0.011,0.0168,0.0394,0.4848,0.55485,0.6192,0.6686040000000001,0.9608
91,float64,23,4849,0.363701879999999,0.24674927930282864,0,0,0,0,False,0.07666318453273513,0.02276410078917147,0.0627081885811751,0.03716675428437136,0.0046,0.0114,0.0172,0.04,0.4924,0.5646,0.6302099999999998,0.678802,0.9698
92,float64,22,4887,0.36904306000000003,0.25065592952459104,0,0,0,0,False,0.07809472485600692,0.0234016166595325,0.06418631939099702,0.03808805568112193,0.0044,0.0116,0.0174,0.04,0.5001,0.5732,0.6398099999999999,0.687602,0.9774
93,float64,29,4895,0.3731721400000004,0.25372586667468733,0,0,0,0,False,0.07946598932832717,0.024488562201942052,0.06615052210748647,0.039577675817784305,0.0058,0.0118,0.0174,0.0402,0.5052,0.5802,0.6484,0.6958,0.979
94,float64,23,4927,0.3769328800000016,0.2565858097068204,0,0,0,0,False,0.08034067806992745,0.024775129302610114,0.06683534107786797,0.03993878934625847,0.0046,0.0116,0.0174,0.04,0.5092,0.5866,0.6554,0.7032060000000002,0.9854
95,float64,22,4918,0.38016628000000036,0.25857974831560504,0,0,0,0,False,0.08231811031529117,0.026025663618134496,0.06871166202438209,0.041266924386647794,0.0044,0.012598000000000002,0.01839000000000001,0.0414,0.5135,0.5922,0.6612,0.7092,0.9836
96,float64,38,4974,0.38196677999999784,0.2563674811134053,0,0,0,0,False,0.0806958476895644,0.02586401399775812,0.06729110381291716,0.04083061791456777,0.0076,0.0156,0.0224,0.0452,0.5152,0.59205,0.6600099999999999,0.706802,0.9948
97,float64,45,4976,0.3828232400000001,0.25871951358160294,0,0,0,0,False,0.07937349649053826,0.02368336498982925,0.06594153064819747,0.039362090799636124,0.009,0.0142,0.0206,0.0432,0.517,0.5954,0.6602,0.7070040000000001,0.9952
98,float64,30,5002,0.38548217999999984,0.26048959858398746,0,0,0,1,False,0.0788592507098288,0.022749780897955006,0.06480268780631249,0.038321957390218014,0.006,0.014198000000000002,0.0212,0.042,0.5214,0.6002,0.6652,0.7122040000000002,1.0004
99,float64,36,4970,0.38590518000000146,0.26081056335426317,0,0,0,0,False,0.07944065062844316,0.023434632500230267,0.06544257076865946,0.03901266515088314,0.0072,0.0144,0.021,0.04335,0.5214,0.601,0.6662099999999999,0.7112040000000002,0.994
100,float64,44,4961,0.38477032000000155,0.26023130117473847,0,0,0,0,False,0.0802130232370993,0.024841607611433742,0.06659894438466721,0.04024764545170908,0.0088,0.0148,0.0208,0.0424,0.5197,0.5996,0.6652,0.7094020000000001,0.9922
101,float64,43,4995,0.38309150000000003,0.2590358282549931,0,0,0,0,False,0.08034652326431553,0.025139898659758173,0.0661149625653018,0.040072302910303344,0.0086,0.0158,0.02119000000000001,0.042,0.5174,0.5964,0.663,0.7076,0.999
102,float64,40,5094,0.38833058000000054,0.26283275231383146,0,0,0,1,False,0.07981680621221304,0.022913238353955798,0.06447190188488652,0.03807175249073095,0.008,0.0154,0.0212,0.0426,0.5232,0.6048,0.6732,0.7202,1.0188
103,float64,39,5236,0.3947998399999995,0.26742187232904885,0,0,0,3,False,0.08152716348054038,0.023468143986202266,0.06462375605942845,0.03822867210669383,0.0078,0.0142,0.0216,0.044,0.5307,0.6144,0.6868,0.737002,1.0472
104,float64,27,5300,0.3900958600000002,0.2645307177150885,0,0,0,3,False,0.07961447992068618,0.020928632927473424,0.06080475168262698,0.034872105732824045,0.0054,0.0144,0.0206,0.0434,0.5218,0.6064,0.6834,0.7368040000000001,1.06
105,float64,28,5388,0.3842662599999985,0.26157082243555546,0,0,0,3,False,0.07944282627440653,0.02095149460281939,0.05920345066711535,0.033772928782515116,0.0056,0.0138,0.0196,0.0422,0.5106,0.5986,0.6790099999999999,0.7416060000000002,1.0776
106,float64,27,5437,0.379907740000002,0.25978836504372904,0,0,0,3,False,0.07665549779493439,0.017536831137011936,0.055342565756221394,0.029555188175541862,0.0054,0.013,0.0176,0.0426,0.4996,0.592,0.6802,0.7486020000000001,1.0874
107,float64,35,4926,0.38539687999999994,0.26793737493352054,0,0,0,0,False,0.09235711345587236,0.023156950826254404,0.08093538902598886,0.034039165335355344,0.007,0.0074,0.0076,0.043,0.5024,0.6042,0.7078099999999998,0.781402,0.9852
113,float64,7,3518,0.2164691600000007,0.17346914054348211,0,0,0,0,False,0.06729389913343826,0.010732965845194111,0.058213941214579214,0.01013859079011605,0.0014,0.0026,0.0086,0.0302,0.2132,0.34885,0.5106199999999997,0.5866,0.7036
114,float64,0,3758,0.2058496200000011,0.1642842891266691,0,30,0,0,False,0.053826884559322816,0.004675602500472629,0.04518336770009352,0.005137711937909476,0.0,0.0034,0.0036,0.0272,0.2,0.32925,0.4886,0.5650060000000001,0.7516
115,float64,2,4025,0.20052197999999705,0.15900735695205917,0,0,0,0,False,0.05142113339479313,0.008358770670059587,0.04013996425772793,0.008277760238493822,0.0004,0.002,0.008,0.0346,0.1905,0.3176,0.4764,0.5538060000000001,0.805
116,float64,2,4225,0.19745801999999918,0.15718381142369586,0,0,0,0,False,0.04748606943699517,0.002813107774365124,0.03468012794414997,0.0024991589862324907,0.0004,0.0052,0.0118,0.0314,0.186,0.3128,0.47360999999999986,0.5502120000000003,0.845
117,float64,8,4318,0.19409957999999938,0.15497498897507198,0,0,0,0,False,0.045546096083956114,0.004905193634212957,0.029027083484610024,0.004798153212174495,0.0016,0.0062,0.0128,0.0336,0.1824,0.3082,0.46480999999999983,0.5432100000000002,0.8636
118,float64,2,4378,0.19372586000000028,0.1542968291937984,0,0,0,0,False,0.044697300537912536,0.004274270334093115,0.02816436098134917,0.0041682582003247075,0.0004,0.007,0.0128,0.033,0.1822,0.3082,0.4628199999999997,0.5408080000000002,0.8756
119,float64,1,4361,0.19703385999999995,0.15624599254221053,0,0,0,0,False,0.04494329600970362,0.0033399313792592976,0.028156754154930328,0.003175850972317706,0.0002,0.0072,0.0118,0.0332,0.18830000000000002,0.3144,0.46500999999999987,0.5460020000000001,0.8722
120,float64,6,4404,0.20141249999999983,0.15716914750596014,0,0,0,0,False,0.045100679593161476,0.003519301306330604,0.02747815043395381,0.003985554420612369,0.0012,0.0094,0.0146,0.034,0.1958,0.3214,0.4684,0.5480080000000002,0.8808
121,float64,13,4466,0.20846714000000033,0.1599817396836911,0,0,0,0,False,0.04626840669699263,0.0046157270869601995,0.02672724912833284,0.005377631848152049,0.0026,0.01,0.0154,0.0356,0.2068,0.3334,0.4742,0.553602,0.8932
122,float64,20,4548,0.21561989999999884,0.16350564516245344,0,0,0,0,False,0.047482546787012345,0.005195096336653995,0.02678434142957536,0.006205035593092875,0.004,0.0104,0.01639000000000001,0.036,0.2182,0.346,0.48162999999999956,0.5610120000000003,0.9096
123,float64,20,4570,0.22246096000000057,0.16702888733353452,0,0,0,0,False,0.048877802657656386,0.005988218653296395,0.027410593864045683,0.0073247767602570716,0.004,0.011,0.0164,0.0364,0.2298,0.358,0.4898,0.5668060000000001,0.914
124,float64,30,4640,0.2308231800000005,0.1716744948170446,0,0,0,0,False,0.05073250154485709,0.006804853926408383,0.028832605654016012,0.00857155150738508,0.006,0.0112,0.0168,0.037,0.2422,0.3716,0.5008,0.5788,0.928
125,float64,25,4669,0.23761281999999972,0.1753817769542988,0,0,0,0,False,0.05204147472115208,0.007386351738180012,0.029700565360672414,0.009501483412656801,0.005,0.0116,0.0168,0.0368,0.25329999999999997,0.3824,0.5074,0.5854,0.9338
126,float64,27,4701,0.24325575999999918,0.17840897691210014,0,0,0,0,False,0.0534705540767004,0.008275404006843932,0.031026768906947225,0.010785155028807862,0.0054,0.0114,0.017,0.0368,0.263,0.39105,0.5128,0.5898100000000002,0.9402
127,float64,26,4733,0.24934786000000062,0.18180964206944702,0,0,0,0,False,0.05468156049876163,0.009006014085437481,0.03207931300522955,0.011842085365921965,0.0052,0.0114,0.017,0.0372,0.27290000000000003,0.40065,0.5194,0.5974,0.9466
128,float64,24,4799,0.2554731199999993,0.18538729584700633,0,0,0,0,False,0.056350548391353096,0.00991459183129581,0.033740650390126074,0.013152558703511851,0.0048,0.0122,0.0176,0.0372,0.2825,0.4096,0.526,0.605,0.9598
129,float64,29,4831,0.26174381999999924,0.18911417905542582,0,0,0,0,False,0.056749803227253544,0.009207744418746626,0.03367588002609472,0.012722472873490579,0.0058,0.011398000000000002,0.0172,0.038,0.2924,0.4194,0.5346099999999998,0.6136040000000001,0.9662
130,float64,32,4849,0.2669603400000007,0.19237668438530878,0,0,0,0,False,0.05841486516603418,0.01066659325893801,0.03543048144287966,0.014440817960677577,0.0064,0.0116,0.0174,0.0372,0.3008,0.4288,0.5410099999999999,0.6196040000000002,0.9698
131,float64,28,4884,0.27196798000000083,0.19544851230623347,0,0,0,0,False,0.05925072974133844,0.010764775570315221,0.03614753461158692,0.01479557926595012,0.0056,0.0124,0.0176,0.0378,0.3087,0.437,0.5488099999999998,0.6268,0.9768
132,float64,29,4909,0.2774406599999978,0.19899909064808413,0,0,0,0,False,0.060553790578030335,0.010986359472045883,0.03705190028182127,0.01526633184736988,0.0058,0.0118,0.0178,0.0376,0.3166,0.446,0.558,0.6356,0.9818
133,float64,28,4914,0.2820434599999996,0.20208375696039588,0,0,0,0,False,0.06135838464697918,0.0113018102482447,0.03781902412595495,0.015774687783656653,0.0056,0.0118,0.0178,0.0378,0.3234,0.4532,0.566,0.6424,0.9828
134,float64,33,4934,0.28545287999999946,0.20431237621765785,0,0,0,0,False,0.06199628853677331,0.010994324231223504,0.037929746443688406,0.015597827418423856,0.0066,0.0124,0.0176,0.0376,0.3286,0.4582,0.5716,0.6474100000000002,0.9868
135,float64,34,4928,0.2885832399999994,0.2065116547391521,0,0,0,0,False,0.06235964299255276,0.010516937031617487,0.038222129936194706,0.015341237330842054,0.0068,0.012,0.018,0.0378,0.334,0.4636,0.5776099999999998,0.6532040000000001,0.9856
136,float64,30,4945,0.2913971799999993,0.20843225350230124,0,0,0,0,False,0.06262504965735194,0.010592726306245422,0.03794430847967012,0.015305546755588822,0.006,0.0124,0.0178,0.0374,0.3376,0.468,0.5828099999999998,0.6582120000000002,0.989
137,float64,31,4922,0.29172727999999865,0.20886818915239722,0,0,0,0,False,0.0629125182725399,0.010644519518941822,0.03845595574337015,0.015459112541289417,0.0062,0.0124,0.018,0.0378,0.3379,0.4678,0.5846,0.6594040000000001,0.9844
138,float64,35,4925,0.29082099999999983,0.20839492507976234,0,0,0,0,False,0.063421162919161,0.01212151628123371,0.039131827162012536,0.016747481901751137,0.007,0.0114,0.017,0.0372,0.3359,0.46685,0.5836199999999997,0.6576040000000001,0.985
139,float64,31,4929,0.28989187999999894,0.20769583138345737,0,0,0,0,False,0.06231713926358628,0.010760163760733674,0.037918155685570144,0.015358958766011102,0.0062,0.0116,0.0176,0.0368,0.3346,0.4652,0.5818099999999998,0.6552,0.9858
140,float64,29,4939,0.28815915999999947,0.20645197768995543,0,0,0,0,False,0.06143872603111627,0.009373389447242648,0.0366785012194128,0.013968188126802863,0.0058,0.0122,0.018,0.037,0.3326,0.4628,0.5788,0.6512040000000001,0.9878
141,float64,30,4928,0.28476109999999993,0.20431863668982925,0,0,0,0,False,0.060956452100927504,0.009180070842913009,0.03669492839095658,0.013760844775765625,0.006,0.0118,0.0172,0.0364,0.32699999999999996,0.4572,0.5738099999999998,0.647202,0.9856
142,float64,31,4923,0.28151534000000017,0.20230952787420564,0,0,0,0,False,0.06082331474833231,0.009951242212593211,0.037089432413118954,0.01438779156723533,0.0062,0.0118,0.0178,0.0364,0.3218,0.4522,0.5690099999999998,0.6416120000000002,0.9846
143,float64,29,4880,0.27768152000000224,0.20016978879563618,0,0,0,0,False,0.05953252110252978,0.00905300281359258,0.03555053480354283,0.013125514951751757,0.0058,0.0116,0.0172,0.0364,0.3152,0.4468,0.5628199999999997,0.6356060000000002,0.976
144,float64,31,4926,0.27414192000000226,0.19812053683228828,0,0,0,0,False,0.05888613731217563,0.00889292858112247,0.035157723857987204,0.012838994512167367,0.0062,0.0114,0.0164,0.0356,0.3092,0.4414,0.5578,0.6330020000000001,0.9852
145,float64,21,4891,0.2709041399999967,0.19634315788145187,0,0,0,0,False,0.05829972668955281,0.00981928000346594,0.034651215520037505,0.01335420493962391,0.0042,0.012,0.0174,0.0362,0.3038,0.4374,0.5540099999999999,0.6266120000000003,0.9782
146,float64,26,4846,0.26962698000000185,0.195993568006911,0,0,0,0,False,0.057227566572499285,0.007475681300742231,0.03338533134183696,0.01108577221525154,0.0052,0.011,0.0164,0.0358,0.3019,0.4348,0.5538099999999998,0.6286040000000002,0.9692
147,float64,28,4857,0.26937425999999925,0.196520449046538,0,0,0,0,False,0.05737445276594718,0.0068756941720881926,0.03344225624333414,0.010447418565490866,0.0056,0.0112,0.0162,0.036,0.2988,0.4346,0.5558,0.6338080000000003,0.9714
148,float64,26,4957,0.27047886000000065,0.19852718961668805,0,0,0,0,False,0.05732041545727829,0.006318946139902702,0.033263970030687734,0.009703215292975563,0.0052,0.0102,0.0162,0.036,0.2986,0.436,0.5622,0.6434100000000001,0.9914
149,float64,27,5064,0.2777141600000003,0.20427057926068146,0,0,0,1,False,0.05899844111031101,0.0070596432899820444,0.034801518567215035,0.010427804646781553,0.0054,0.0104,0.0162,0.0376,0.3052,0.4484,0.5792,0.664802,1.0128
150,float64,27,5098,0.27912689999999996,0.2063295063833328,0,0,0,1,False,0.06009146868318013,0.00678907629029511,0.0351617201492915,0.010181893365078852,0.0054,0.0114,0.0146,0.037,0.3042,0.451,0.5862099999999999,0.6702040000000001,1.0196
151,float64,13,5093,0.2817749000000001,0.20868105540750592,0,0,0,1,False,0.06013482471200526,0.005571617552389529,0.0369221557012115,0.009004859385972497,0.0026,0.0104,0.0162,0.036,0.307,0.4566,0.5956,0.6784040000000001,1.0186
152,float64,3,5031,0.28922839999999844,0.21544613155366885,0,0,0,1,False,0.062291990094883586,0.0048535953566299205,0.04312395747560226,0.007883778394089264,0.0006,0.0086,0.0164,0.037,0.314,0.4692,0.6154,0.7042160000000004,1.0062
153,float64,11,4611,0.30125264000000335,0.22610703454123457,0,0,0,0,False,0.06953577014225515,-0.0003105154730196651,0.0594046472967503,0.0031532343486308707,0.0022,0.0022,0.0024,0.041,0.3296,0.4854,0.65,0.7372,0.9222
167,float64,15,3912,0.16780297999999932,0.15324606739202024,0,0,0,0,False,0.053673317932242594,-0.0011488899357225467,0.043518819310177086,-0.0027209361725354874,0.003,0.003,0.003,0.036,0.1238,0.26184999999999997,0.4788,0.575,0.7824
168,float64,5,4142,0.16843698000000035,0.15196710432353344,0,0,0,0,False,0.049429457469141395,0.0015059117997431874,0.035284253284255544,-0.0012527746955515251,0.001,0.0036,0.006,0.0388,0.1218,0.26545,0.4722,0.559,0.8284
169,float64,0,4079,0.16942865999999895,0.15186237147695406,0,1,0,0,False,0.04718703212557402,0.0050225455602518785,0.02920683443467191,0.0022695718151258763,0.0,0.0002,0.0078,0.0386,0.1262,0.2692,0.46480999999999983,0.551,0.8158
170,float64,3,4019,0.16627886000000425,0.14764671074257107,0,0,0,0,False,0.04355447387243605,-0.003008084158737974,0.028861430062326016,-0.004823195782075275,0.0006,0.0026,0.011,0.033,0.12530000000000002,0.2628,0.4510199999999997,0.5336040000000001,0.8038
171,float64,0,4048,0.16830474000000256,0.1484321406486217,0,4,0,0,False,0.0430188724451999,-0.0013540567363678495,0.028571782802683958,-0.0035625908842700964,0.0,0.0068,0.0122,0.0326,0.1281,0.2693,0.4502,0.5348140000000003,0.8096
172,float64,1,4075,0.17177724000000086,0.15064363081784204,0,0,0,0,False,0.04427013067098132,-0.0012062772350811073,0.028683615256666063,-0.0031745359001997056,0.0002,0.007,0.0126,0.032,0.13290000000000002,0.27545,0.457,0.5412020000000001,0.815
173,float64,3,4098,0.1749753799999992,0.15272123304195667,0,0,0,0,False,0.04408826863867884,-0.0005256639509873946,0.027714403553617033,-0.0029323690105483046,0.0006,0.002998000000000002,0.0104,0.033,0.137,0.2818,0.4624099999999998,0.5476,0.8196
174,float64,4,4339,0.18008436000000153,0.1550869034941062,0,0,0,0,False,0.04605222384262682,-0.0014854651824317837,0.029365270181119306,-0.0037475095265507206,0.0008,0.0008,0.0038,0.0346,0.1446,0.292,0.46620999999999985,0.5512,0.8678
175,float64,0,4228,0.1790320400000008,0.15324951154714433,0,33,0,0,False,0.046707067112944645,0.007661988859235172,0.028414602805118844,0.005639412807436897,0.0,0.0024,0.0092,0.0332,0.1466,0.2864,0.4642199999999997,0.5412060000000002,0.8456
176,float64,0,4328,0.17966317999999915,0.15269837847301357,0,4,0,0,False,0.04440066313590632,0.0020846199268414554,0.02550400070355155,0.00047725159623635964,0.0,0.0062,0.0134,0.0328,0.1488,0.288,0.4632,0.5382080000000002,0.8656
177,float64,4,4414,0.18051887999999952,0.15252354358441006,0,0,0,0,False,0.044528038122334114,0.0024950394300576003,0.025929357500785195,0.001157216295172064,0.0008,0.0068,0.013,0.0332,0.1514,0.2892,0.46220999999999984,0.5368,0.8828
178,float64,2,4478,0.1817583600000007,0.1526943857583197,0,0,0,0,False,0.04498307078576621,0.004435891068184372,0.024555382079174064,0.003143592133234648,0.0004,0.0062,0.0142,0.034,0.1547,0.28985,0.46420999999999984,0.5382,0.8956
179,float64,1,4628,0.18479627999999962,0.15442039244271252,0,0,0,0,False,0.045544502314630586,0.004225476728854132,0.024786692256564793,0.003270938295242014,0.0002,0.0054,0.0128,0.0348,0.1582,0.2928,0.4716,0.5442040000000001,0.9256
180,float64,1,4613,0.18403794000000015,0.15270954216602253,0,0,0,0,False,0.044461548524470575,0.00286915292848419,0.024211560016940817,0.002166314355211302,0.0002,0.0074,0.0128,0.034,0.15910000000000002,0.291,0.4682,0.5402080000000002,0.9226
181,float64,1,4566,0.18164749999999918,0.14984753140359003,0,0,0,0,False,0.04406134616843393,0.0031524069045621556,0.024009496084433778,0.002652196169343162,0.0002,0.007,0.014,0.0338,0.1599,0.2864,0.45900999999999986,0.5318040000000002,0.9132
182,float64,3,4536,0.18140471999999758,0.14879914236890407,0,0,0,0,False,0.04395464105280325,0.0018662310560163793,0.02367485812992408,0.0017358902285280638,0.0006,0.008,0.0136,0.0334,0.161,0.2858,0.4556,0.527,0.9072
183,float64,3,4505,0.18067787999999887,0.1474297168372285,0,0,0,0,False,0.044079803043312514,0.004148317262795212,0.02423474369974527,0.003973056260213774,0.0006,0.007,0.013,0.0336,0.1629,0.2854,0.4506,0.5208040000000002,0.901
184,float64,0,4456,0.17947436000000147,0.14564053061764942,0,2,0,0,False,0.04357846882993236,0.0049730381701732496,0.022767316073364942,0.00461723644142762,0.0,0.0076,0.0128,0.0324,0.1626,0.28325,0.4444199999999997,0.5126,0.8912
185,float64,0,4380,0.17838108000000283,0.14410775813270307,0,1,0,0,False,0.04257934906377852,0.00337451997554523,0.022831758039525522,0.0032575608496824954,0.0,0.0068,0.0136,0.0316,0.1632,0.2822,0.4376,0.505402,0.876
186,float64,0,4348,0.17814797999999965,0.14341248141608753,0,3,0,0,False,0.042364836464039705,0.0036743831138723246,0.021981752655994828,0.003447225661292544,0.0,0.0074,0.0126,0.0316,0.164,0.28265,0.43540999999999985,0.5008100000000002,0.8696
187,float64,0,4309,0.17939895999999889,0.14391926858804646,0,1,0,0,False,0.04224325923141619,0.004027729623253188,0.02151740212570527,0.003648086582621264,0.0,0.0074,0.0132,0.0308,0.1654,0.2856,0.43500999999999984,0.4992060000000001,0.8618
188,float64,0,4307,0.18094089999999677,0.14468440656542864,0,3,0,0,False,0.041887660230364526,0.0025163846582323887,0.021788819642115292,0.002360396060794597,0.0,0.007,0.013,0.0312,0.1684,0.2888,0.4372,0.4998,0.8614
189,float64,0,4214,0.18274109999999938,0.1454128385211915,0,1,0,0,False,0.04139241886216325,0.0011798475004477572,0.021120283045040277,0.0009708137259289456,0.0,0.0064,0.0136,0.0316,0.1712,0.2926,0.4378,0.501,0.8428
190,float64,2,4243,0.18506235999999862,0.14667366004579824,0,0,0,0,False,0.04210924860071924,0.0006571794628709021,0.021497947639166487,0.0008445109098247751,0.0004,0.0076,0.0132,0.031,0.1747,0.2972,0.44040999999999986,0.5018020000000001,0.8486
191,float64,2,4131,0.18704632000000074,0.14765564831206968,0,0,0,0,False,0.042900596943638805,0.0019975465274025537,0.022086669739029653,0.002295776985422763,0.0004,0.0068,0.0124,0.031,0.178,0.30085,0.44180999999999987,0.5004,0.8262
192,float64,1,4051,0.18876163999999962,0.1484064172753677,0,0,0,0,False,0.042494290483347574,0.0010318419900895036,0.02045442061679707,0.0010796834083429997,0.0002,0.006,0.0126,0.0308,0.1804,0.3054,0.4436,0.4978020000000001,0.8102
193,float64,2,3944,0.19012753999999937,0.1487716494280701,0,0,0,0,False,0.04178404340215028,-0.0012190872240010985,0.02095163365747742,-0.0009152363206356716,0.0004,0.0064,0.0126,0.0316,0.1835,0.3074,0.44360999999999984,0.49660200000000004,0.7888
194,float64,1,3905,0.18999306000000063,0.14810637810653612,0,0,0,0,False,0.042094560932559984,-0.0005457552724134249,0.02092436975899858,-0.00023789682999984368,0.0002,0.0062,0.013,0.0306,0.1844,0.3078,0.4414,0.49260200000000004,0.781
195,float64,1,3860,0.18798506000000015,0.14630428200430848,0,0,0,0,False,0.04147246985369892,0.00012379344184266293,0.021356330841222862,0.000503248128947599,0.0002,0.0062,0.012,0.0302,0.1836,0.3038,0.43540999999999985,0.48700200000000005,0.772
196,float64,2,3826,0.1851614200000002,0.14390209083812353,0,0,0,0,False,0.04100917624510197,-0.00025575578389933046,0.02069729194611235,0.00016041002071596068,0.0004,0.0064,0.0122,0.03,0.1806,0.2998,0.42861999999999967,0.4788,0.7652
197,float64,2,3850,0.18152317999999973,0.14115861894580753,0,0,0,0,False,0.04037794944658518,8.400629122777576e-05,0.02042766389823696,0.0004229779914804513,0.0004,0.0066,0.0118,0.0304,0.1774,0.29259999999999997,0.42220999999999986,0.47180200000000005,0.77
198,float64,3,3950,0.1772459800000001,0.13817063500556034,0,0,0,0,False,0.03952760762340189,-0.0014494937902374521,0.020848839910647527,-0.0009972220775296397,0.0006,0.005,0.012550000000000045,0.0302,0.1718,0.2844,0.414,0.4650020000000001,0.79
199,float64,1,4005,0.17144038000000017,0.13408430970645138,0,0,0,0,False,0.03849444773996622,-0.001248579410957873,0.020076109982683575,-0.0009057758521204709,0.0002,0.0054,0.0124,0.0298,0.1652,0.2742,0.4036,0.458,0.801
200,float64,1,3972,0.1659458400000008,0.1303830927179383,0,0,0,0,False,0.03907949646702558,0.0023809921105376794,0.020504272343627086,0.002654332058077921,0.0002,0.0056,0.0116,0.0296,0.158,0.2648,0.3948399999999994,0.4482100000000002,0.7944
201,float64,0,3902,0.15963068000000052,0.12611834199170843,0,1,0,0,False,0.03773133016972869,0.0034828551733703393,0.019840302545659123,0.0034036910495316656,0.0,0.0058,0.0118,0.0296,0.1508,0.2546,0.38060999999999984,0.4342,0.7804
202,float64,0,3892,0.15610273999999835,0.12408067978735744,0,3,0,0,False,0.0369566419622945,0.002285917649902957,0.019385026577051035,0.0021281847327544257,0.0,0.0048,0.0098,0.0284,0.1452,0.2496,0.3742,0.4276,0.7784
203,float64,0,3790,0.15249766000000015,0.1217781692854862,0,30,0,0,False,0.035818137787546306,0.0015123407935878264,0.01900632329030415,0.0010575870658776278,0.0,0.0038,0.0106,0.0292,0.14,0.24284999999999998,0.3696,0.4204,0.758
204,float64,0,3807,0.14843591999999978,0.11901296876287741,0,14,0,0,False,0.03671733314896768,0.004746521355278458,0.020015827469083664,0.004346403892668965,0.0,0.0048,0.0112,0.0278,0.135,0.23785,0.3608199999999997,0.41380200000000006,0.7614
205,float64,0,3732,0.14795861999999935,0.11863598922626996,0,44,0,0,False,0.037076751065946434,0.0034590990966216644,0.02123073127415069,0.00314567204071834,0.0,0.0014,0.0072,0.029,0.134,0.23685,0.3596099999999998,0.41480200000000006,0.7464
206,float64,0,3672,0.14633282000000075,0.11702402181965728,0,8,0,0,False,0.03552750633911332,0.0007399432674857078,0.01964155964821858,0.0008142033992780503,0.0,0.004,0.0094,0.0284,0.1338,0.233,0.35560999999999987,0.4076,0.7344
207,float64,0,3646,0.1461631400000008,0.11752450585873699,0,4,0,0,False,0.035648429403152715,0.003353999175915,0.019810197395171845,0.0029767836291073073,0.0,0.0046,0.0108,0.0278,0.1318,0.23324999999999999,0.3574,0.4104,0.7292
208,float64,1,3664,0.14536076000000284,0.11784129037066066,0,0,0,0,False,0.03436537790807717,-0.0005318713842437682,0.018450716782730126,-0.001104695771530819,0.0002,0.0036,0.009,0.02835,0.1298,0.2314,0.359,0.4126020000000001,0.7328
209,float64,1,3661,0.14506483999999878,0.11857141022933991,0,0,0,0,False,0.03471886923714718,0.0016955420012055458,0.017445476345510344,0.0006268008606024684,0.0002,0.0034,0.01,0.0294,0.127,0.2326,0.36180999999999985,0.41720600000000013,0.7322
210,float64,1,3695,0.1457680399999997,0.12048699559105279,0,0,0,0,False,0.03592929058474775,0.0014401659553054027,0.018730679110295318,0.000710811365646654,0.0002,0.0014,0.0076,0.0284,0.127,0.2306,0.36720999999999987,0.4262140000000003,0.739
211,float64,2,3586,0.14364676000000084,0.11985752317440294,0,0,0,0,False,0.034764122409388185,-0.0014904327879465143,0.018674694452838928,-0.0021051505242726423,0.0004,0.0024,0.0082,0.0292,0.12290000000000001,0.2278,0.3668,0.42500200000000005,0.7172
212,float64,2,3639,0.1429516999999999,0.12022099416952979,0,0,0,0,False,0.03468105963555277,-0.0028020138375649613,0.02048826603609005,-0.0033702837247577243,0.0004,0.0014,0.0102,0.028,0.121,0.2268,0.3682,0.4254040000000001,0.7278
213,float64,1,3463,0.14072901999999946,0.11870573956569917,0,0,0,0,False,0.03426055685311655,0.0034469822561971272,0.017282129356046304,0.0016015997385234904,0.0002,0.0014,0.0092,0.029,0.1184,0.2228,0.364,0.4206,0.6926
214,float64,2,3426,0.13570073999999938,0.11535822463722427,0,0,0,0,False,0.03454047954001936,0.005126687164260252,0.017537201475544707,0.003518519937550832,0.0004,0.0004,0.0086,0.0286,0.1118,0.2144,0.3550099999999998,0.41,0.6852
215,float64,3,3361,0.1344897000000018,0.11524158647775615,0,0,0,0,False,0.033050097088428605,-0.0012113637288074567,0.017803175725077384,-0.0024396937855069183,0.0006,0.0006,0.0078,0.0274,0.11069999999999999,0.2126,0.3528,0.4112,0.6722
216,float64,7,3295,0.1298843799999991,0.11132352468375957,0,0,0,0,False,0.0326487600079619,0.0035838137104083046,0.017536022150967768,0.0021041393855101968,0.0014,0.0022,0.0062,0.026,0.1054,0.2042,0.3424099999999998,0.39842000000000044,0.659
217,float64,2,3269,0.12477817999999938,0.10747320882846782,0,0,0,0,False,0.03191968462574213,-0.0015791255970315976,0.018870680550381397,-0.0023897066259132406,0.0004,0.0016,0.005,0.027749999999999997,0.1008,0.1976,0.33200999999999986,0.39080200000000004,0.6538
218,float64,4,3025,0.11735318000000083,0.10202369695265621,0,0,0,0,False,0.029803007839227357,-0.002347471774555962,0.01802547178798235,-0.003313925448182203,0.0008,0.0008,0.005,0.0272,0.0928,0.1852,0.3168199999999997,0.3708180000000004,0.605
219,float64,2,3069,0.11417456000000029,0.09930676319771198,0,0,0,0,False,0.02834795176710995,-0.0004149885944015522,0.01556884395782924,-0.001506927212112347,0.0004,0.0006,0.0074,0.0242,0.0898,0.1782,0.3088199999999997,0.3668,0.6138
