material,threshold,n,band_id_original,mean_selected,std_selected
tree,0.95,1204,4,0.022785382059800626,0.004241808866745852
tree,0.95,1204,5,0.0015779069767441855,0.0013935102089005747
tree,0.95,1204,6,0.014779734219269106,0.0036702161119065158
tree,0.95,1204,7,0.03641196013289031,0.004500630056859773
tree,0.95,1204,8,0.037561295681063166,0.005513432432853641
tree,0.95,1204,9,0.040680232558139594,0.005634502275512942
tree,0.95,1204,10,0.04158322259136214,0.006225391493669805
tree,0.95,1204,11,0.0413579734219269,0.0063224533601275385
tree,0.95,1204,12,0.04189269102990038,0.006393771346197879
tree,0.95,1204,13,0.0436863787375415,0.006744879724730174
tree,0.95,1204,14,0.0462137873754152,0.006859228277735519
tree,0.95,1204,15,0.05017093023255818,0.007157422010217227
tree,0.95,1204,16,0.06079867109634546,0.00794537820238065
tree,0.95,1204,17,0.07461943521594681,0.009493963163931873
tree,0.95,1204,18,0.08515614617940206,0.011020057390153925
tree,0.95,1204,19,0.09128887043189368,0.011999636306219894
tree,0.95,1204,20,0.09407508305647845,0.01234628585829613
tree,0.95,1204,21,0.08880714285714295,0.011969020732091652
tree,0.95,1204,22,0.07996677740863802,0.01121515760240572
tree,0.95,1204,23,0.07511378737541516,0.010782872598233776
tree,0.95,1204,24,0.07222541528239193,0.01075941611457349
tree,0.95,1204,25,0.069812292358804,0.010759650619609113
tree,0.95,1204,26,0.0658734219269103,0.010563426117831964
tree,0.95,1204,27,0.06361611295681059,0.010518187357599523
tree,0.95,1204,28,0.06253488372093026,0.01062346236220706
tree,0.95,1204,29,0.058080398671096344,0.010476719064954364
tree,0.95,1204,30,0.05436495016611292,0.010383599422052517
tree,0.95,1204,31,0.05084003322259138,0.010418847539533937
tree,0.95,1204,32,0.05030764119601331,0.01061438133448128
tree,0.95,1204,33,0.051505980066445155,0.010465973856124312
tree,0.95,1204,34,0.04977923588039865,0.01046123046958225
tree,0.95,1204,35,0.05271196013289039,0.01080250170107522
tree,0.95,1204,36,0.07329800664451834,0.012668370218775421
tree,0.95,1204,37,0.13011478405315596,0.018570115331497754
tree,0.95,1204,38,0.2030294019933553,0.02770897582919392
tree,0.95,1204,39,0.2815215946843852,0.03870308518416325
tree,0.95,1204,40,0.35510315614617965,0.04903121004161587
tree,0.95,1204,41,0.4154320598006643,0.05772307071210747
tree,0.95,1204,42,0.45513986710963505,0.06330684415547712
tree,0.95,1204,43,0.4767759136212626,0.06594793464770665
tree,0.95,1204,44,0.49321345514950155,0.06829038290295378
tree,0.95,1204,45,0.5031277408637881,0.06905971411876399
tree,0.95,1204,46,0.5102578073089694,0.0696783992075187
tree,0.95,1204,47,0.5161436877076423,0.07015415715267914
tree,0.95,1204,48,0.5192362126245853,0.07010977025107919
tree,0.95,1204,49,0.526502657807309,0.07076238766383053
tree,0.95,1204,50,0.5337315614617938,0.07141475717301089
tree,0.95,1204,51,0.5403287375415283,0.07223845529441465
tree,0.95,1204,52,0.5468320598006645,0.07288118580672538
tree,0.95,1204,53,0.5530235880398681,0.07340398145494734
tree,0.95,1204,54,0.5583106312292361,0.07394535865339327
tree,0.95,1204,55,0.564373754152824,0.07465222652924328
tree,0.95,1204,56,0.5709340531561469,0.07527014384646992
tree,0.95,1204,57,0.5786689368770762,0.076149217030456
tree,0.95,1204,58,0.5801732558139535,0.07623119352433007
tree,0.95,1204,59,0.5806498338870442,0.07609267938148928
tree,0.95,1204,60,0.5826451827242529,0.07618537336436439
tree,0.95,1204,61,0.5758428571428565,0.07515684037371223
tree,0.95,1204,62,0.571920930232559,0.07512113226044641
tree,0.95,1204,63,0.5647975083056476,0.07343997770980984
tree,0.95,1204,64,0.5562832225913615,0.0711973035360955
tree,0.95,1204,65,0.5559307308970113,0.07111120451638714
tree,0.95,1204,66,0.5539137873754156,0.07083589740663483
tree,0.95,1204,67,0.5603915282392024,0.0715814901276421
tree,0.95,1204,68,0.5675534883720929,0.07250917936704582
tree,0.95,1204,69,0.5764443521594689,0.07370351032942263
tree,0.95,1204,70,0.5849109634551495,0.07486872173625372
tree,0.95,1204,71,0.5941129568106311,0.0762265960916686
tree,0.95,1204,72,0.6029036544850496,0.07744412037504637
tree,0.95,1204,73,0.61076046511628,0.07857373221251233
tree,0.95,1204,74,0.6181544850498342,0.07956005768529617
tree,0.95,1204,75,0.6245827242524926,0.0804665851733223
tree,0.95,1204,76,0.6344009966777403,0.08177887817737634
tree,0.95,1204,77,0.6315147840531561,0.08145310829673236
tree,0.95,1204,78,0.6296049833887037,0.08120851330355179
tree,0.95,1204,79,0.6226880398671095,0.08036305011466797
tree,0.95,1204,80,0.6106676079734227,0.07870054296117988
tree,0.95,1204,81,0.5945237541528231,0.07788419805180073
tree,0.95,1204,82,0.5791307308970102,0.07534726174821595
tree,0.95,1204,83,0.5532156146179406,0.07144206319849301
tree,0.95,1204,84,0.5218837209302329,0.06738200983899234
tree,0.95,1204,85,0.5054742524916949,0.06472140424643616
tree,0.95,1204,86,0.5038181063122924,0.06481207516693048
tree,0.95,1204,87,0.499614119601329,0.0647369189185642
tree,0.95,1204,88,0.4981006644518284,0.06488080893707528
tree,0.95,1204,89,0.4997762458471762,0.06524748897697157
tree,0.95,1204,90,0.5034687707641191,0.06588812920083047
tree,0.95,1204,91,0.5133137873754152,0.06709976637155733
tree,0.95,1204,92,0.5234704318936879,0.06843117129979075
tree,0.95,1204,93,0.5310049833887038,0.06944222801469033
tree,0.95,1204,94,0.5374176079734232,0.07038159979917694
tree,0.95,1204,95,0.5423109634551486,0.07060732820852365
tree,0.95,1204,96,0.539279900332226,0.07052683635210955
tree,0.95,1204,97,0.5426878737541528,0.07053509589761957
tree,0.95,1204,98,0.545805647840532,0.07108278479127908
tree,0.95,1204,99,0.5455225913621259,0.07034199410130924
tree,0.95,1204,100,0.5418639534883728,0.06943407253088175
tree,0.95,1204,101,0.5349642857142849,0.06840285217945088
tree,0.95,1204,102,0.5351867109634557,0.06892371841111108
tree,0.95,1204,103,0.5338649501661131,0.06915681540545443
tree,0.95,1204,104,0.5143835548172755,0.06768601215305775
tree,0.95,1204,105,0.48983039867109657,0.06707272425046765
tree,0.95,1204,106,0.4682559800664454,0.06823506777460976
tree,0.95,1204,107,0.4481544850498332,0.0957628430782829
tree,0.95,1204,113,0.1636857142857139,0.05971877361570829
tree,0.95,1204,114,0.14925481727574727,0.04589219186458685
tree,0.95,1204,115,0.14182358803986742,0.040490264303966184
tree,0.95,1204,116,0.13506943521594675,0.03672710210796822
tree,0.95,1204,117,0.12950265780730902,0.03160960196613767
tree,0.95,1204,118,0.12918139534883724,0.03078352753483941
tree,0.95,1204,119,0.13427607973421918,0.03246507542226018
tree,0.95,1204,120,0.14079102990033232,0.031514827801600837
tree,0.95,1204,121,0.15055365448505023,0.03131127632101122
tree,0.95,1204,122,0.16107491694352147,0.03249620681278072
tree,0.95,1204,123,0.171743023255814,0.03371261841942587
tree,0.95,1204,124,0.18366179401993335,0.03539220171586452
tree,0.95,1204,125,0.1945571428571429,0.036910250633171215
tree,0.95,1204,126,0.2043631229235883,0.038265507601166426
tree,0.95,1204,127,0.21446461794019955,0.03977781118990857
tree,0.95,1204,128,0.22422375415282392,0.04112511418993961
tree,0.95,1204,129,0.23359152823920226,0.042510565753169215
tree,0.95,1204,130,0.24213504983388723,0.04373368059083037
tree,0.95,1204,131,0.24999817275747527,0.04482161279344343
tree,0.95,1204,132,0.2576956810631235,0.04603181134569212
tree,0.95,1204,133,0.2646622923588039,0.0469220475353666
tree,0.95,1204,134,0.270129069767442,0.04754021328518748
tree,0.95,1204,135,0.27476096345514905,0.04813565173385025
tree,0.95,1204,136,0.27842275747508327,0.048699809127014354
tree,0.95,1204,137,0.2787622923588035,0.048624551924872195
tree,0.95,1204,138,0.27735315614617945,0.048308417358811966
tree,0.95,1204,139,0.2766101328903652,0.04791189932219422
tree,0.95,1204,140,0.27467906976744216,0.04766941664060509
tree,0.95,1204,141,0.2701038205980072,0.047334987221962624
tree,0.95,1204,142,0.2649284053156146,0.04703396408825917
tree,0.95,1204,143,0.25835913621262413,0.04636025252882326
tree,0.95,1204,144,0.2521440199335543,0.04564975525968026
tree,0.95,1204,145,0.2465300664451829,0.04491942649611386
tree,0.95,1204,146,0.2433857142857143,0.04477142162797004
tree,0.95,1204,147,0.24009667774086357,0.04466092953394892
tree,0.95,1204,148,0.23752209302325591,0.04471577360292777
tree,0.95,1204,149,0.24134352159468458,0.04607093620005138
tree,0.95,1204,150,0.2404073089700995,0.04690651138558838
tree,0.95,1204,151,0.24113471760797336,0.04892180849255994
tree,0.95,1204,152,0.24756229235880417,0.056103766048677686
tree,0.95,1204,153,0.26059833887043193,0.07053362147258556
tree,0.95,1204,167,0.07132126245847183,0.035631457690413655
tree,0.95,1204,168,0.07338770764119593,0.0323660261626658
tree,0.95,1204,169,0.07543970099667775,0.026438994882728346
tree,0.95,1204,170,0.07601146179401996,0.021632148959991875
tree,0.95,1204,171,0.07821162790697678,0.021431155271865236
tree,0.95,1204,172,0.0815787375415282,0.02192826449558327
tree,0.95,1204,173,0.08491860465116276,0.024061637752697512
tree,0.95,1204,174,0.08996312292358775,0.0287746722484345
tree,0.95,1204,175,0.09249252491694361,0.024760285502050797
tree,0.95,1204,176,0.09473637873754144,0.02371504643508044
tree,0.95,1204,177,0.09728106312292353,0.024207878927985975
tree,0.95,1204,178,0.09987242524916938,0.024355847608383864
tree,0.95,1204,179,0.10423305647840542,0.025160695571096542
tree,0.95,1204,180,0.10608421926910293,0.025148198289626642
tree,0.95,1204,181,0.10703986710963458,0.02540289841382023
tree,0.95,1204,182,0.10908106312292354,0.025776121612480725
tree,0.95,1204,183,0.11055747508305673,0.025832399733993372
tree,0.95,1204,184,0.11175880398671104,0.025917635267104475
tree,0.95,1204,185,0.11247508305647859,0.026044755953948635
tree,0.95,1204,186,0.11351760797342175,0.026080827384669082
tree,0.95,1204,187,0.11536744186046519,0.026468714117061656
tree,0.95,1204,188,0.11784102990033318,0.026824733422567235
tree,0.95,1204,189,0.12030880398671108,0.027319718133644397
tree,0.95,1204,190,0.1234307308970099,0.027814449609995632
tree,0.95,1204,191,0.12618837209302344,0.02834750537181478
tree,0.95,1204,192,0.12880232558139518,0.028931540133999557
tree,0.95,1204,193,0.1314724252491695,0.029271265440648515
tree,0.95,1204,194,0.1328833887043188,0.02968521713060955
tree,0.95,1204,195,0.13201810631229247,0.02931460530386838
tree,0.95,1204,196,0.13040813953488342,0.028893567439757434
tree,0.95,1204,197,0.12738372093023262,0.028465384949223908
tree,0.95,1204,198,0.12352358803986693,0.027880397293419727
tree,0.95,1204,199,0.11784667774086366,0.026691222827097696
tree,0.95,1204,200,0.11233803986710977,0.025407111414790844
tree,0.95,1204,201,0.1062202657807309,0.024114941838265198
tree,0.95,1204,202,0.10226096345514941,0.023293227689923358
tree,0.95,1204,203,0.09785415282392047,0.0226326783787201
tree,0.95,1204,204,0.09335880398671118,0.021618011836865438
tree,0.95,1204,205,0.09308803986710958,0.023217501628559532
tree,0.95,1204,206,0.0919938538205978,0.021566614613308333
tree,0.95,1204,207,0.0904664451827239,0.02152757415095973
tree,0.95,1204,208,0.08791312292358804,0.020997625096247533
tree,0.95,1204,209,0.08609086378737536,0.020841441025944516
tree,0.95,1204,210,0.08479468438538217,0.021402031410322417
tree,0.95,1204,211,0.08170764119601319,0.020757925470800933
tree,0.95,1204,212,0.07962043189368777,0.020779831803463808
tree,0.95,1204,213,0.07684003322259136,0.019653803331186482
tree,0.95,1204,214,0.07259601328903655,0.019001644903088755
tree,0.95,1204,215,0.07039318936877062,0.0194649763023876
tree,0.95,1204,216,0.06726428571428572,0.018336692882991293
tree,0.95,1204,217,0.06321893687707636,0.018972355484333566
tree,0.95,1204,218,0.05874368770764118,0.018454967684826448
tree,0.95,1204,219,0.0566770764119601,0.016545277836747214
water,0.95,1650,4,0.012744121212121266,0.003349949612986744
water,0.95,1650,5,0.009135515151515127,0.0016400773840060127
water,0.95,1650,6,0.03280969696969695,0.002712521453453482
water,0.95,1650,7,0.06372339393939393,0.0037193675736396426
water,0.95,1650,8,0.07649248484848475,0.004977705861509885
water,0.95,1650,9,0.08631757575757594,0.005340034632904965
water,0.95,1650,10,0.09179442424242398,0.0057148201118607045
water,0.95,1650,11,0.09582606060606076,0.005631812205995475
water,0.95,1650,12,0.09978000000000023,0.005795865820225703
water,0.95,1650,13,0.10614824242424245,0.005832224997895649
water,0.95,1650,14,0.11276060606060571,0.005763389122568866
water,0.95,1650,15,0.11877927272727293,0.005774130978942504
water,0.95,1650,16,0.1253583030303032,0.005700190919103781
water,0.95,1650,17,0.13109357575757602,0.005668393599763218
water,0.95,1650,18,0.13593648484848503,0.005696254144617623
water,0.95,1650,19,0.14038339393939386,0.005728816314035854
water,0.95,1650,20,0.14508448484848505,0.005726735958171889
water,0.95,1650,21,0.14854981818181817,0.005772839485428115
water,0.95,1650,22,0.14893115151515163,0.005852093063124289
water,0.95,1650,23,0.14270290909090885,0.005815540623992865
water,0.95,1650,24,0.12820084848484853,0.005675172874799628
water,0.95,1650,25,0.11422957575757554,0.005664755294564013
water,0.95,1650,26,0.11106230303030308,0.005490081152377234
water,0.95,1650,27,0.10800109090909106,0.005456590012772916
water,0.95,1650,28,0.10443369696969705,0.0054555374397631425
water,0.95,1650,29,0.10073975757575795,0.005390373681488041
water,0.95,1650,30,0.09404230303030299,0.005423462343094172
water,0.95,1650,31,0.08747612121212138,0.005332805230052118
water,0.95,1650,32,0.0838321212121212,0.005355000923846647
water,0.95,1650,33,0.08801042424242429,0.005439276951894645
water,0.95,1650,34,0.08614606060606074,0.005583762139694929
water,0.95,1650,35,0.08340448484848498,0.00564341218574856
water,0.95,1650,36,0.07640860606060594,0.005654063585301272
water,0.95,1650,37,0.06615624242424234,0.005470582524133215
water,0.95,1650,38,0.05375624242424241,0.005349827564654171
water,0.95,1650,39,0.04025927272727278,0.005245710693814099
water,0.95,1650,40,0.03019915151515151,0.005058501323881405
water,0.95,1650,41,0.026187515151515135,0.00504588538118669
water,0.95,1650,42,0.025374181818181803,0.0050216392437345495
water,0.95,1650,43,0.023442787878787872,0.005203545363398299
water,0.95,1650,44,0.02272399999999996,0.005173931721094266
water,0.95,1650,45,0.025846424242424237,0.005131790632200966
water,0.95,1650,46,0.026515272727272728,0.005110461944800701
water,0.95,1650,47,0.027406787878787895,0.005176366104316197
water,0.95,1650,48,0.027941212121212096,0.0051008601518114476
water,0.95,1650,49,0.026807636363636186,0.0051418157258577065
water,0.95,1650,50,0.0252688484848484,0.005167831666043149
water,0.95,1650,51,0.023381212121212084,0.005105881194582037
water,0.95,1650,52,0.02312800000000001,0.005059831497972916
water,0.95,1650,53,0.022765090909090895,0.005159534230585555
water,0.95,1650,54,0.022684727272727242,0.005102985170749813
water,0.95,1650,55,0.022070181818181815,0.005134099487027851
water,0.95,1650,56,0.02213333333333332,0.0051632563524985
water,0.95,1650,57,0.021158060606060604,0.005168045043542534
water,0.95,1650,58,0.01993939393939393,0.005217858575846911
water,0.95,1650,59,0.019847151515151516,0.00518569428519147
water,0.95,1650,60,0.020112848484848483,0.005203927864552639
water,0.95,1650,61,0.014490060606060664,0.0051242180183279995
water,0.95,1650,62,0.011129454545454522,0.005007932405215418
water,0.95,1650,63,0.012330787878787833,0.005077588068302531
water,0.95,1650,64,0.016380363636363627,0.0051394188907341746
water,0.95,1650,65,0.01827478787878788,0.005072913882379128
water,0.95,1650,66,0.01857236363636363,0.005044909812799802
water,0.95,1650,67,0.01913866666666664,0.005090418394822122
water,0.95,1650,68,0.01924181818181818,0.005062180303138907
water,0.95,1650,69,0.019430303030303027,0.0051017005393320745
water,0.95,1650,70,0.01953575757575757,0.005071497914102476
water,0.95,1650,71,0.01959975757575759,0.005053109447928632
water,0.95,1650,72,0.01971442424242425,0.005020326966475528
water,0.95,1650,73,0.019885939393939348,0.005026143397364668
water,0.95,1650,74,0.02004060606060604,0.005012761858583784
water,0.95,1650,75,0.020194303030303035,0.004972071481511868
water,0.95,1650,76,0.020391272727272734,0.005025850407598625
water,0.95,1650,77,0.02023006060606063,0.004997581778489521
water,0.95,1650,78,0.01999866666666666,0.004926787450850572
water,0.95,1650,79,0.019283272727272722,0.004871818671506986
water,0.95,1650,80,0.015758060606060602,0.004905826949346367
water,0.95,1650,81,0.009664606060606052,0.004838789793222435
water,0.95,1650,82,0.01186351515151514,0.004877096976320771
water,0.95,1650,83,0.012022666666666649,0.004896068445418445
water,0.95,1650,84,0.013563757575757555,0.0048933815972578695
water,0.95,1650,85,0.017806060606060607,0.004772569309555255
water,0.95,1650,86,0.018667030303030286,0.004811031921594041
water,0.95,1650,87,0.018557696969696932,0.004808122373303067
water,0.95,1650,88,0.018932848484848462,0.004793591657311159
water,0.95,1650,89,0.019011393939393925,0.004825569885889081
water,0.95,1650,90,0.019183636363636396,0.004804896377769451
water,0.95,1650,91,0.01949030303030304,0.004854155660967207
water,0.95,1650,92,0.019677333333333342,0.004852419094710093
water,0.95,1650,93,0.01973175757575757,0.004897595941054805
water,0.95,1650,94,0.019728121212121214,0.004837133835535611
water,0.95,1650,95,0.020616242424242374,0.004917858902373547
water,0.95,1650,96,0.024516606060606093,0.004996772594381631
water,0.95,1650,97,0.02274957575757584,0.004957841948843804
water,0.95,1650,98,0.022856484848484893,0.004875403673240101
water,0.95,1650,99,0.023042909090909044,0.004967677466983734
water,0.95,1650,100,0.022927515151515254,0.004702033783833959
water,0.95,1650,101,0.02289648484848481,0.004670988449809675
water,0.95,1650,102,0.022971393939393906,0.00483518980818492
water,0.95,1650,103,0.023212242424242368,0.004964115637497047
water,0.95,1650,104,0.022989454545454417,0.004915663061972711
water,0.95,1650,105,0.022026666666666667,0.0052587927331376105
water,0.95,1650,106,0.020725939393939307,0.005580204720581461
water,0.95,1650,107,0.021102909090909023,0.017365558494912305
water,0.95,1650,113,0.015544727272727387,0.012127260529728968
water,0.95,1650,114,0.01229733333333332,0.009569378190326416
water,0.95,1650,115,0.013959878787878834,0.008074022090171674
water,0.95,1650,116,0.015144969696969594,0.006219595779932042
water,0.95,1650,117,0.014530909090909101,0.00451941291684523
water,0.95,1650,118,0.01484278787878789,0.004495987381072383
water,0.95,1650,119,0.014619999999999947,0.00461079760404364
water,0.95,1650,120,0.01590048484848489,0.004507024793829606
water,0.95,1650,121,0.017569818181818256,0.004528625247645104
water,0.95,1650,122,0.018051878787878648,0.004477593995139307
water,0.95,1650,123,0.018328727272727247,0.004511959752081978
water,0.95,1650,124,0.018824606060606038,0.004526752866181063
water,0.95,1650,125,0.018923636363636368,0.004483265732180543
water,0.95,1650,126,0.018949090909090846,0.0044686140239190335
water,0.95,1650,127,0.019076484848484843,0.004465755737876454
water,0.95,1650,128,0.019220121212121247,0.0044586322115003916
water,0.95,1650,129,0.01942678787878795,0.00444658915763788
water,0.95,1650,130,0.01937296969696956,0.004451818453681184
water,0.95,1650,131,0.019538545454545465,0.004467827653894401
water,0.95,1650,132,0.019728969696969727,0.00442638338235253
water,0.95,1650,133,0.019670060606060497,0.004433387171735489
water,0.95,1650,134,0.019749575757575837,0.00437092630797128
water,0.95,1650,135,0.0196823030303031,0.004338109017482911
water,0.95,1650,136,0.019817818181818287,0.004361667469954282
water,0.95,1650,137,0.019584000000000174,0.0043063855054107925
water,0.95,1650,138,0.01953890909090892,0.004403062435387137
water,0.95,1650,139,0.019573090909091075,0.004391772282304066
water,0.95,1650,140,0.019633454545454784,0.004251191156362402
water,0.95,1650,141,0.019388242424242186,0.0042986940866176415
water,0.95,1650,142,0.019356484848485178,0.004320271849760273
water,0.95,1650,143,0.019110181818181506,0.004285932517282541
water,0.95,1650,144,0.01887139393939407,0.004416521996071278
water,0.95,1650,145,0.018679878787878787,0.004247802424766604
water,0.95,1650,146,0.01836969696969696,0.004243435204220174
water,0.95,1650,147,0.018489333333333247,0.004396780658802104
water,0.95,1650,148,0.017906545454545477,0.00430169165520016
water,0.95,1650,149,0.018595030303030256,0.00449846837560903
water,0.95,1650,150,0.017860363636363324,0.004411653148665731
water,0.95,1650,151,0.018336000000000005,0.0051187617820932195
water,0.95,1650,152,0.01703878787878828,0.0077842793238275
water,0.95,1650,153,0.01673793939393936,0.014641002718474802
water,0.95,1650,167,0.023602181818181838,0.019958997851587466
water,0.95,1650,168,0.022294181818182,0.016977307566553804
water,0.95,1650,169,0.018372969696969697,0.013668886910159054
water,0.95,1650,170,0.01692799999999989,0.007665776222334533
water,0.95,1650,171,0.01695212121212132,0.005914310204700879
water,0.95,1650,172,0.01688848484848467,0.00565506912382377
water,0.95,1650,173,0.017014909090908976,0.008199500104362026
water,0.95,1650,174,0.01844193939393951,0.014393745649222335
water,0.95,1650,175,0.01733200000000003,0.009090148193611505
water,0.95,1650,176,0.017088242424242377,0.005683005601660378
water,0.95,1650,177,0.017274787878788105,0.005558046919653092
water,0.95,1650,178,0.01750775757575752,0.006066312379083725
water,0.95,1650,179,0.01770642424242399,0.006701125726460915
water,0.95,1650,180,0.017672484848484733,0.006384248173012913
water,0.95,1650,181,0.017379030303030188,0.005826894513010197
water,0.95,1650,182,0.017285696969697013,0.005680397043767207
water,0.95,1650,183,0.017075151515151526,0.005665082909453544
water,0.95,1650,184,0.016924727272727102,0.005304144241792535
water,0.95,1650,185,0.01667030303030304,0.005288835860249157
water,0.95,1650,186,0.01654036363636346,0.005154286934888521
water,0.95,1650,187,0.01647733333333346,0.005266114217285362
water,0.95,1650,188,0.016276242424242582,0.005182210169827231
water,0.95,1650,189,0.01642315151515152,0.005405740809946028
water,0.95,1650,190,0.0163107878787878,0.005270279618581435
water,0.95,1650,191,0.016258424242424227,0.005469964705610481
water,0.95,1650,192,0.01619975757575754,0.005239356882985854
water,0.95,1650,193,0.016128000000000073,0.005511649722784179
water,0.95,1650,194,0.016164484848484886,0.005663126816581084
water,0.95,1650,195,0.015883030303030305,0.005124412448122773
water,0.95,1650,196,0.01572072727272737,0.005115733966551504
water,0.95,1650,197,0.01565175757575756,0.005430509764733574
water,0.95,1650,198,0.015553212121212082,0.005294565995076127
water,0.95,1650,199,0.015424000000000042,0.0056000524672866845
water,0.95,1650,200,0.015442666666666712,0.00574952099541933
water,0.95,1650,201,0.014985212121212151,0.005382514855262893
water,0.95,1650,202,0.014558787878787813,0.005540375087168724
water,0.95,1650,203,0.014459393939393968,0.00610357170118272
water,0.95,1650,204,0.014511757575757617,0.005789509420941459
water,0.95,1650,205,0.014866909090909229,0.009228248241014956
water,0.95,1650,206,0.014396484848484825,0.005852097247070001
water,0.95,1650,207,0.01435490909090897,0.006082172918947441
water,0.95,1650,208,0.01421890909090892,0.006694886788658039
water,0.95,1650,209,0.01421587878787895,0.006273481657462616
water,0.95,1650,210,0.014076363636363757,0.007715036015227271
water,0.95,1650,211,0.013888606060606089,0.007041472202899483
water,0.95,1650,212,0.013870909090909024,0.007421494729637607
water,0.95,1650,213,0.013835393939393923,0.0069151258449049536
water,0.95,1650,214,0.013322909090909201,0.0069128231322956755
water,0.95,1650,215,0.013171999999999967,0.008312205935559543
water,0.95,1650,216,0.013295151515151446,0.007503601608444772
water,0.95,1650,217,0.013588242424242315,0.009004019705127304
water,0.95,1650,218,0.012728727272727166,0.009853194477450916
water,0.95,1650,219,0.011975272727272716,0.008101263318141316
dirt,0.95,160,4,0.010947499999999997,0.004353934284069982
dirt,0.95,160,5,0.00973875,0.0024843507074284025
dirt,0.95,160,6,0.03345625000000001,0.0044208693644463195
dirt,0.95,160,7,0.06366874999999997,0.006555571938244594
dirt,0.95,160,8,0.07481875000000004,0.00863993046485329
dirt,0.95,160,9,0.0827175,0.009473763441737395
dirt,0.95,160,10,0.08698125,0.010266177401423573
dirt,0.95,160,11,0.08980375000000002,0.010943045094373868
dirt,0.95,160,12,0.09255,0.010997954355242619
dirt,0.95,160,13,0.09674125000000003,0.011718161051867309
dirt,0.95,160,14,0.10104874999999999,0.01220044562454585
dirt,0.95,160,15,0.10544624999999996,0.012695791071748933
dirt,0.95,160,16,0.11236750000000002,0.01314857192816011
dirt,0.95,160,17,0.11894000000000005,0.01389936689205663
dirt,0.95,160,18,0.12394874999999997,0.014631699266917013
dirt,0.95,160,19,0.12809875,0.015226292997230155
dirt,0.95,160,20,0.131925,0.015906016943282822
dirt,0.95,160,21,0.13384624999999992,0.016249326476426646
dirt,0.95,160,22,0.13479125,0.01678283865850768
dirt,0.95,160,23,0.13691000000000003,0.017122920311675813
dirt,0.95,160,24,0.13920499999999988,0.017789968381084882
dirt,0.95,160,25,0.14166125000000002,0.01830341493922651
dirt,0.95,160,26,0.14431124999999997,0.018707749021127585
dirt,0.95,160,27,0.14749250000000005,0.019370026942418017
dirt,0.95,160,28,0.15054875000000006,0.019797742887448053
dirt,0.95,160,29,0.15288249999999998,0.020048034660534682
dirt,0.95,160,30,0.15515875,0.020286856544016376
dirt,0.95,160,31,0.15721625000000006,0.02037922927731812
dirt,0.95,160,32,0.16078125000000001,0.02074135719854176
dirt,0.95,160,33,0.15900874999999998,0.02130682222757537
dirt,0.95,160,34,0.16374500000000008,0.021674454433733743
dirt,0.95,160,35,0.1708800000000001,0.02250383522868936
dirt,0.95,160,36,0.18510000000000007,0.02445151324560507
dirt,0.95,160,37,0.20815624999999988,0.027150788863999884
dirt,0.95,160,38,0.23235999999999984,0.02961624385366923
dirt,0.95,160,39,0.25669000000000014,0.03232405296369872
dirt,0.95,160,40,0.27454000000000006,0.03424282990641983
dirt,0.95,160,41,0.29113750000000016,0.03599004159139026
dirt,0.95,160,42,0.304585,0.03727496847751852
dirt,0.95,160,43,0.31503250000000016,0.038307080856546605
dirt,0.95,160,44,0.32585374999999994,0.03940934991772256
dirt,0.95,160,45,0.33488875000000007,0.03951621658809837
dirt,0.95,160,46,0.34256749999999986,0.039670057269305774
dirt,0.95,160,47,0.34962374999999996,0.039714722533809796
dirt,0.95,160,48,0.3549000000000001,0.039696139610798424
dirt,0.95,160,49,0.3640074999999999,0.04053257262683928
dirt,0.95,160,50,0.37202874999999996,0.04073113579852028
dirt,0.95,160,51,0.37846874999999996,0.040728804591314734
dirt,0.95,160,52,0.38542374999999995,0.04069885361945102
dirt,0.95,160,53,0.39244499999999993,0.040901570568866896
dirt,0.95,160,54,0.39873499999999995,0.04113702438193603
dirt,0.95,160,55,0.4058212499999999,0.04131230807444072
dirt,0.95,160,56,0.4140024999999999,0.04157803499144711
dirt,0.95,160,57,0.42396375,0.04212566243915341
dirt,0.95,160,58,0.4305175000000001,0.04208399569610757
dirt,0.95,160,59,0.43549874999999993,0.04242677218970941
dirt,0.95,160,60,0.4401975,0.0422919495146535
dirt,0.95,160,61,0.44479999999999986,0.04306612938261342
dirt,0.95,160,62,0.44978625,0.04394814627418886
dirt,0.95,160,63,0.45423875,0.043611108085412124
dirt,0.95,160,64,0.4581112499999998,0.04330286218528171
dirt,0.95,160,65,0.46230375000000007,0.042734031941036185
dirt,0.95,160,66,0.46351875,0.042709151811262884
dirt,0.95,160,67,0.4689449999999999,0.0428110905607414
dirt,0.95,160,68,0.47458125000000007,0.04294523720318121
dirt,0.95,160,69,0.48062750000000004,0.04310063507362738
dirt,0.95,160,70,0.48563499999999993,0.04307096789021579
dirt,0.95,160,71,0.4913587500000001,0.04331120003460421
dirt,0.95,160,72,0.49685875,0.043450573050737774
dirt,0.95,160,73,0.5025437500000002,0.043587527871370504
dirt,0.95,160,74,0.5088100000000004,0.0438353784060318
dirt,0.95,160,75,0.5151087500000001,0.04389711178924531
dirt,0.95,160,76,0.5254562499999998,0.044455371845678
dirt,0.95,160,77,0.5268612500000005,0.04436587087432747
dirt,0.95,160,78,0.5309199999999997,0.04446931076596534
dirt,0.95,160,79,0.5326325000000001,0.0445394481751851
dirt,0.95,160,80,0.5335775000000003,0.04488412295845825
dirt,0.95,160,81,0.5359200000000002,0.04586269289956706
dirt,0.95,160,82,0.5380687500000001,0.045285168912542424
dirt,0.95,160,83,0.53866375,0.04608994126637069
dirt,0.95,160,84,0.5369774999999998,0.04656275328790167
dirt,0.95,160,85,0.53153375,0.045022598336141154
dirt,0.95,160,86,0.53648375,0.04597972092061346
dirt,0.95,160,87,0.5391799999999999,0.046066170884934636
dirt,0.95,160,88,0.5446425000000001,0.0465439168286254
dirt,0.95,160,89,0.5510912499999999,0.046970548468561676
dirt,0.95,160,90,0.5565025000000001,0.04718919361199128
dirt,0.95,160,91,0.5645412499999998,0.047921824865477525
dirt,0.95,160,92,0.57137125,0.04822127044611641
dirt,0.95,160,93,0.57743625,0.0487511121507756
dirt,0.95,160,94,0.5831299999999999,0.04928036728759233
dirt,0.95,160,95,0.5881649999999998,0.04964225292026944
dirt,0.95,160,96,0.5897537499999997,0.04916490222646131
dirt,0.95,160,97,0.5968712500000002,0.047655211398518624
dirt,0.95,160,98,0.6020037499999998,0.048005137599401775
dirt,0.95,160,99,0.6038725000000004,0.048473350861581666
dirt,0.95,160,100,0.6049499999999995,0.048585594572877235
dirt,0.95,160,101,0.6075925000000006,0.049239627778345355
dirt,0.95,160,102,0.6228149999999995,0.050974839627015996
dirt,0.95,160,103,0.6431374999999996,0.053210662406607906
dirt,0.95,160,104,0.6473300000000001,0.05406177577549595
dirt,0.95,160,105,0.6532812499999995,0.055811617504221284
dirt,0.95,160,106,0.6627362500000002,0.05575529289616814
dirt,0.95,160,107,0.68117375,0.0856462962476341
dirt,0.95,160,113,0.4484062500000001,0.08375422801827677
dirt,0.95,160,114,0.4335412500000003,0.06409418303120414
dirt,0.95,160,115,0.42302750000000017,0.05648330942632522
dirt,0.95,160,116,0.41991500000000015,0.051790938155241016
dirt,0.95,160,117,0.4200362500000002,0.046102878824835866
dirt,0.95,160,118,0.4194674999999998,0.04521824790668034
dirt,0.95,160,119,0.42448749999999996,0.046332540873019246
dirt,0.95,160,120,0.4309737499999999,0.04578044954931636
dirt,0.95,160,121,0.44229499999999977,0.046254410330259316
dirt,0.95,160,122,0.4535637500000001,0.047401207114771866
dirt,0.95,160,123,0.46474375000000023,0.04803466025629306
dirt,0.95,160,124,0.47897625000000027,0.04864021161485113
dirt,0.95,160,125,0.4895525,0.04905888037603387
dirt,0.95,160,126,0.49777249999999995,0.04921724031017993
dirt,0.95,160,127,0.5070737500000001,0.04938850383376177
dirt,0.95,160,128,0.5168500000000001,0.04944972194057314
dirt,0.95,160,129,0.5267875,0.049923479884218816
dirt,0.95,160,130,0.5351049999999998,0.05002320436557417
dirt,0.95,160,131,0.54385125,0.05024131391034176
dirt,0.95,160,132,0.55409625,0.05049689085416547
dirt,0.95,160,133,0.5627574999999997,0.050853861148884266
dirt,0.95,160,134,0.5694750000000001,0.051302259940474354
dirt,0.95,160,135,0.57553,0.051421475085804386
dirt,0.95,160,136,0.5814225,0.05146980662242671
dirt,0.95,160,137,0.5829337500000003,0.05101317340587136
dirt,0.95,160,138,0.582155,0.05065795075800048
dirt,0.95,160,139,0.5806137500000002,0.05025508492617936
dirt,0.95,160,140,0.5781925000000003,0.049971451287209964
dirt,0.95,160,141,0.5734800000000002,0.04896123568702083
dirt,0.95,160,142,0.56902625,0.048826857987561506
dirt,0.95,160,143,0.5638050000000001,0.04817824171760525
dirt,0.95,160,144,0.5583737499999997,0.04758245013592198
dirt,0.95,160,145,0.5539275000000002,0.04697332481047089
dirt,0.95,160,146,0.5533762500000003,0.04714342144920647
dirt,0.95,160,147,0.556045,0.048076173672620834
dirt,0.95,160,148,0.5619950000000002,0.04851413170407157
dirt,0.95,160,149,0.5786962500000001,0.05057431152213049
dirt,0.95,160,150,0.5841962500000001,0.05103276139831646
dirt,0.95,160,151,0.5915824999999998,0.051473436778109165
dirt,0.95,160,152,0.6090512499999996,0.059288671965540767
dirt,0.95,160,153,0.6268137500000002,0.0822604282807809
dirt,0.95,160,167,0.38579375000000016,0.05653390319920871
dirt,0.95,160,168,0.3902387499999999,0.0506673390700311
dirt,0.95,160,169,0.3957525000000001,0.045902045093328896
dirt,0.95,160,170,0.3888837500000001,0.044853296823505626
dirt,0.95,160,171,0.3952887499999999,0.04470134643875394
dirt,0.95,160,172,0.4039412500000001,0.04519139628776147
dirt,0.95,160,173,0.41105125000000003,0.04569779123149718
dirt,0.95,160,174,0.41709749999999984,0.04788037691737607
dirt,0.95,160,175,0.41294125000000015,0.04297162783090141
dirt,0.95,160,176,0.41059124999999996,0.04115302143752632
dirt,0.95,160,177,0.4079812500000001,0.03976565601668733
dirt,0.95,160,178,0.4046625,0.038859626783462546
dirt,0.95,160,179,0.40576125000000013,0.03954749357971374
dirt,0.95,160,180,0.3990225000000001,0.03813529852708642
dirt,0.95,160,181,0.39130125000000004,0.03803069153246494
dirt,0.95,160,182,0.3889212499999999,0.03744212932563396
dirt,0.95,160,183,0.3861237499999999,0.036831079755248824
dirt,0.95,160,184,0.38251250000000014,0.03608445432246412
dirt,0.95,160,185,0.37966875000000005,0.035375585132086516
dirt,0.95,160,186,0.3795425000000003,0.03519311287382802
dirt,0.95,160,187,0.3831174999999999,0.035453380568713055
dirt,0.95,160,188,0.3873462499999996,0.03507886630063035
dirt,0.95,160,189,0.3911175000000002,0.034853890654416186
dirt,0.95,160,190,0.3972949999999999,0.03531372219123893
dirt,0.95,160,191,0.4023674999999999,0.035045840605555455
dirt,0.95,160,192,0.40781374999999975,0.035470664794129525
dirt,0.95,160,193,0.41148249999999986,0.03578869505514276
dirt,0.95,160,194,0.41304875,0.03550599066970953
dirt,0.95,160,195,0.4093574999999999,0.03535122619867663
dirt,0.95,160,196,0.40378749999999997,0.03515480541476514
dirt,0.95,160,197,0.39496374999999995,0.034169510326276256
dirt,0.95,160,198,0.38354125000000006,0.033636665982785814
dirt,0.95,160,199,0.3686499999999999,0.03299233244255397
dirt,0.95,160,200,0.3561312499999999,0.03241761131603469
dirt,0.95,160,201,0.34365625000000005,0.03145299009533911
dirt,0.95,160,202,0.33879124999999977,0.030738415272058194
dirt,0.95,160,203,0.33340625,0.030820272726526928
dirt,0.95,160,204,0.32561875,0.030728250819685454
dirt,0.95,160,205,0.3256687500000001,0.03073027860982552
dirt,0.95,160,206,0.3228262500000002,0.030522410798256086
dirt,0.95,160,207,0.3250787499999998,0.030864673146455007
dirt,0.95,160,208,0.3256362500000001,0.03035849857844587
dirt,0.95,160,209,0.32553624999999997,0.029873787606152332
dirt,0.95,160,210,0.3275024999999999,0.031204703071011596
dirt,0.95,160,211,0.32308999999999993,0.030382007833584676
dirt,0.95,160,212,0.32296500000000006,0.030297438423074644
dirt,0.95,160,213,0.3189437500000001,0.029943055721444005
dirt,0.95,160,214,0.3084225,0.029359938585596535
dirt,0.95,160,215,0.3055412500000001,0.029676333979073297
dirt,0.95,160,216,0.29528750000000004,0.02874408363037514
dirt,0.95,160,217,0.28065625,0.02912672460022753
dirt,0.95,160,218,0.26273124999999997,0.028986773249837592
dirt,0.95,160,219,0.25323250000000014,0.026440356346880044
road,0.95,135,4,0.027669629629629634,0.01298076796263853
road,0.95,135,5,0.04413185185185185,0.0086325538202512
road,0.95,135,6,0.10455555555555562,0.01685044747912985
road,0.95,135,7,0.1642651851851851,0.022776372808220365
road,0.95,135,8,0.2114266666666667,0.02987744646731725
road,0.95,135,9,0.2341866666666666,0.032265933875976524
road,0.95,135,10,0.24638518518518518,0.03413603834446222
road,0.95,135,11,0.2543288888888888,0.0351348341797639
road,0.95,135,12,0.2585155555555557,0.03522307717153768
road,0.95,135,13,0.26627851851851847,0.03593144993040927
road,0.95,135,14,0.27388740740740736,0.03624446712233699
road,0.95,135,15,0.2811274074074072,0.03716632970376324
road,0.95,135,16,0.28775407407407405,0.03788756028227023
road,0.95,135,17,0.29277925925925913,0.038524276321794414
road,0.95,135,18,0.2963762962962962,0.03941713146525562
road,0.95,135,19,0.3004844444444445,0.04025219362169005
road,0.95,135,20,0.3042148148148149,0.04064482932540906
road,0.95,135,21,0.3078192592592593,0.041449599017488244
road,0.95,135,22,0.3107585185185186,0.04239459152295026
road,0.95,135,23,0.31201777777777784,0.04260038926385648
road,0.95,135,24,0.31262518518518534,0.04279762838448032
road,0.95,135,25,0.3131392592592591,0.04309900591153367
road,0.95,135,26,0.3150696296296295,0.04344409310583836
road,0.95,135,27,0.3170474074074074,0.04420797452719342
road,0.95,135,28,0.31745925925925916,0.044190765410880274
road,0.95,135,29,0.31873185185185177,0.044654991263226036
road,0.95,135,30,0.3205585185185183,0.044875492586068065
road,0.95,135,31,0.3232000000000001,0.04534721356134
road,0.95,135,32,0.3254177777777777,0.04568434996909516
road,0.95,135,33,0.32665481481481484,0.045882803554302826
road,0.95,135,34,0.33308296296296286,0.04668525588605868
road,0.95,135,35,0.3398429629629631,0.04771280368690668
road,0.95,135,36,0.34307407407407414,0.04858756884600095
road,0.95,135,37,0.3418711111111111,0.04838278522545844
road,0.95,135,38,0.33990518518518514,0.04841248586809678
road,0.95,135,39,0.34193185185185165,0.0488279165017716
road,0.95,135,40,0.3378992592592592,0.048218772272334995
road,0.95,135,41,0.33986962962962947,0.048359005096640484
road,0.95,135,42,0.3435674074074075,0.049115146384690486
road,0.95,135,43,0.34871111111111097,0.04996126894967468
road,0.95,135,44,0.35257333333333324,0.050194234876276514
road,0.95,135,45,0.3570059259259258,0.050386923293226346
road,0.95,135,46,0.3599970370370369,0.05044586969216239
road,0.95,135,47,0.3616725925925926,0.050629633292692704
road,0.95,135,48,0.3618237037037037,0.05051942964313596
road,0.95,135,49,0.36621037037037024,0.05142778219352169
road,0.95,135,50,0.36819555555555544,0.05153348263118616
road,0.95,135,51,0.3688296296296296,0.05161021155643391
road,0.95,135,52,0.36952740740740736,0.05185399792384259
road,0.95,135,53,0.3708696296296295,0.05223921795409479
road,0.95,135,54,0.371722962962963,0.052388423856648075
road,0.95,135,55,0.3732044444444444,0.05268694668148157
road,0.95,135,56,0.3756977777777778,0.053068558685794874
road,0.95,135,57,0.38073037037037016,0.05396099726458686
road,0.95,135,58,0.38242962962962934,0.05446988168679951
road,0.95,135,59,0.3828637037037038,0.054813410912952755
road,0.95,135,60,0.3832385185185184,0.05446045930245945
road,0.95,135,61,0.3868977777777778,0.05650617202167572
road,0.95,135,62,0.3882355555555557,0.05690781560157803
road,0.95,135,63,0.3899288888888887,0.05719842249400299
road,0.95,135,64,0.39173629629629636,0.05663752271131896
road,0.95,135,65,0.39095407407407406,0.05602614702144516
road,0.95,135,66,0.3881644444444444,0.05554661901457744
road,0.95,135,67,0.38839555555555555,0.055762525404667355
road,0.95,135,68,0.3884562962962963,0.05582412940046281
road,0.95,135,69,0.38937185185185186,0.056229830822690764
road,0.95,135,70,0.3889881481481484,0.05617110770685487
road,0.95,135,71,0.38935999999999993,0.05650657018501541
road,0.95,135,72,0.3897451851851851,0.05678830567997908
road,0.95,135,73,0.3902755555555555,0.05662763030164911
road,0.95,135,74,0.3914814814814815,0.05721591229743203
road,0.95,135,75,0.3932711111111113,0.057395787516954226
road,0.95,135,76,0.39805925925925945,0.058132615052005336
road,0.95,135,77,0.39676888888888884,0.05779033812192929
road,0.95,135,78,0.3974503703703703,0.05813303118432448
road,0.95,135,79,0.3974844444444443,0.05812702038437401
road,0.95,135,80,0.39726518518518505,0.05910771500501313
road,0.95,135,81,0.4007037037037036,0.06086856198510387
road,0.95,135,82,0.4018622222222222,0.06046343721213816
road,0.95,135,83,0.4036177777777778,0.060684834723611955
road,0.95,135,84,0.4050651851851852,0.06025812540079187
road,0.95,135,85,0.39996000000000004,0.058221201687408734
road,0.95,135,86,0.401514074074074,0.05817637316396608
road,0.95,135,87,0.4022474074074071,0.058344896415392755
road,0.95,135,88,0.4051377777777779,0.058152654621316933
road,0.95,135,89,0.4078874074074074,0.05871098632709799
road,0.95,135,90,0.4093911111111113,0.0586410593945367
road,0.95,135,91,0.4120785185185184,0.059118548051615254
road,0.95,135,92,0.4134577777777779,0.059125999127621565
road,0.95,135,93,0.4142281481481482,0.05911312024804251
road,0.95,135,94,0.41536296296296304,0.059284625126638325
road,0.95,135,95,0.4177200000000002,0.05928754387946308
road,0.95,135,96,0.42360444444444467,0.059822267459121094
road,0.95,135,97,0.4266014814814816,0.059783354533571406
road,0.95,135,98,0.4291496296296298,0.059639562899352225
road,0.95,135,99,0.4289422222222223,0.05923429870615397
road,0.95,135,100,0.4268711111111112,0.0593788762373445
road,0.95,135,101,0.42748444444444433,0.05920322046629094
road,0.95,135,102,0.43862666666666644,0.060744896081893165
road,0.95,135,103,0.4553111111111113,0.06291280581727754
road,0.95,135,104,0.46191407407407414,0.06386158430597057
road,0.95,135,105,0.472982222222222,0.06497806566283695
road,0.95,135,106,0.489594074074074,0.06670372721327242
road,0.95,135,107,0.5909940740740738,0.07349719849834839
road,0.95,135,113,0.4942785185185187,0.0645769599839461
road,0.95,135,114,0.4640681481481483,0.057959869452415214
road,0.95,135,115,0.44961185185185176,0.05636988301731219
road,0.95,135,116,0.4420933333333333,0.054970040594518044
road,0.95,135,117,0.42641037037037044,0.054973034836382155
road,0.95,135,118,0.4223777777777777,0.05432744435252354
road,0.95,135,119,0.4264014814814814,0.054326745320003034
road,0.95,135,120,0.4212311111111113,0.05404343310457242
road,0.95,135,121,0.4201155555555558,0.05410366163642841
road,0.95,135,122,0.4208133333333332,0.054201255691344624
road,0.95,135,123,0.4212874074074074,0.05484474846345094
road,0.95,135,124,0.4248177777777777,0.05519929396578355
road,0.95,135,125,0.4260770370370372,0.05587526841859894
road,0.95,135,126,0.42629481481481496,0.056356541331877646
road,0.95,135,127,0.42790518518518517,0.056998811317714095
road,0.95,135,128,0.42992296296296295,0.05748589513410222
road,0.95,135,129,0.43324740740740736,0.05803846595418853
road,0.95,135,130,0.4347614814814814,0.0585620961793234
road,0.95,135,131,0.4359333333333334,0.058788852558841365
road,0.95,135,132,0.43816148148148154,0.05935453551915054
road,0.95,135,133,0.43870370370370365,0.05979455618403352
road,0.95,135,134,0.4382933333333332,0.06004796995982712
road,0.95,135,135,0.43865481481481483,0.060458663832184664
road,0.95,135,136,0.4395170370370372,0.0607674980631133
road,0.95,135,137,0.43901925925925894,0.06077889923356538
road,0.95,135,138,0.43810370370370394,0.0608915823500867
road,0.95,135,139,0.4379674074074074,0.06089134564747233
road,0.95,135,140,0.4377333333333335,0.06063739464744202
road,0.95,135,141,0.4366014814814814,0.06045546384667246
road,0.95,135,142,0.43683703703703713,0.05993684174719468
road,0.95,135,143,0.43687111111111115,0.05956472964165916
road,0.95,135,144,0.43783555555555564,0.05920620521366378
road,0.95,135,145,0.4371066666666667,0.0585466793188073
road,0.95,135,146,0.43760000000000016,0.05866826260455508
road,0.95,135,147,0.4422355555555556,0.05907213351509062
road,0.95,135,148,0.45091999999999993,0.05973142953315343
road,0.95,135,149,0.4680562962962964,0.061809464224858474
road,0.95,135,150,0.47688592592592577,0.062349759170241416
road,0.95,135,151,0.48806222222222195,0.06321490432164761
road,0.95,135,152,0.5195229629629629,0.06516558048624857
road,0.95,135,153,0.5753377777777775,0.0730139285206918
road,0.95,135,167,0.4735200000000003,0.06384028775577959
road,0.95,135,168,0.45905925925925933,0.06247792415612663
road,0.95,135,169,0.4528,0.0558774691226755
road,0.95,135,170,0.4304177777777778,0.05004085126236093
road,0.95,135,171,0.42602518518518506,0.04892946657219738
road,0.95,135,172,0.4278637037037037,0.05015451474439306
road,0.95,135,173,0.4325288888888889,0.05045753603982141
road,0.95,135,174,0.43859851851851844,0.05301427059475686
road,0.95,135,175,0.43760444444444474,0.05166554244893989
road,0.95,135,176,0.4374162962962964,0.05142187487745082
road,0.95,135,177,0.4430474074074072,0.05097860238066428
road,0.95,135,178,0.4497377777777779,0.052367179241662364
road,0.95,135,179,0.4618474074074072,0.05307689017883622
road,0.95,135,180,0.45904888888888906,0.05267544493182218
road,0.95,135,181,0.45288888888888884,0.0520766993701017
road,0.95,135,182,0.44980740740740754,0.05157329430888681
road,0.95,135,183,0.44449037037037026,0.05110823210356345
road,0.95,135,184,0.43722222222222207,0.05034484146095205
road,0.95,135,185,0.4299214814814816,0.049650047010809384
road,0.95,135,186,0.42477777777777764,0.04962703365239356
road,0.95,135,187,0.4226711111111111,0.04968346899480776
road,0.95,135,188,0.4213511111111112,0.04984066147035439
road,0.95,135,189,0.42033037037037035,0.04971479141108821
road,0.95,135,190,0.4196,0.05060331712154554
road,0.95,135,191,0.41725185185185176,0.051185779060713005
road,0.95,135,192,0.41338962962962966,0.05245811489542247
road,0.95,135,193,0.40920888888888873,0.051827370813423465
road,0.95,135,194,0.4046148148148149,0.050874862480139574
road,0.95,135,195,0.39777185185185177,0.049701235772477384
road,0.95,135,196,0.3915762962962963,0.04849643928495799
road,0.95,135,197,0.3855377777777779,0.04931660657375584
road,0.95,135,198,0.3793733333333333,0.0508783927069679
road,0.95,135,199,0.37377925925925914,0.05095037105421721
road,0.95,135,200,0.3700311111111111,0.0485502648528713
road,0.95,135,201,0.3604874074074072,0.0455239691520032
road,0.95,135,202,0.3535140740740742,0.04593195315288647
road,0.95,135,203,0.34462814814814824,0.046235507682350796
road,0.95,135,204,0.33778814814814806,0.04553140886099331
road,0.95,135,205,0.33527703703703715,0.04710434113947261
road,0.95,135,206,0.32887703703703697,0.04615359211691897
road,0.95,135,207,0.32960888888888906,0.04741460857344327
road,0.95,135,208,0.3311896296296295,0.049102549189424624
road,0.95,135,209,0.3361111111111109,0.05105346894539123
road,0.95,135,210,0.34857481481481484,0.05019124568571919
road,0.95,135,211,0.35138222222222204,0.04921978203131214
road,0.95,135,212,0.3559570370370371,0.04895371289325933
road,0.95,135,213,0.35268296296296275,0.04618626626196202
road,0.95,135,214,0.34527111111111103,0.045581532756096096
road,0.95,135,215,0.3474607407407407,0.04640754902878098
road,0.95,135,216,0.3388548148148149,0.043131986443883344
road,0.95,135,217,0.3309422222222222,0.043877525617575415
road,0.95,135,218,0.3183985185185188,0.04130709917495607
road,0.95,135,219,0.31273925925925916,0.04215045555097842
